Record ID,year,month,MoleculeName,TradeName,ProductName,Packs,Value,Date
1,2017,12,molecule1,brand1,SKU1,2966.0,32504.671460674646,2017-12-01
91,2017,12,molecule20,brand49,SKU115,314.0,30501.136391280594,2017-12-01
90,2017,12,molecule19,brand48,SKU114,267.0,28515.865579748675,2017-12-01
89,2017,12,molecule19,brand48,SKU113,145.0,15399.19504316054,2017-12-01
88,2017,12,molecule18,brand46,SKU110,8002.0,75788.92551547557,2017-12-01
87,2017,12,molecule18,brand45,SKU109,85040.0,864705.5197389044,2017-12-01
86,2017,12,molecule18,brand44,SKU108,41.0,478.26727772626384,2017-12-01
85,2017,12,molecule17,brand43,SKU105,3.0,199.451173925826,2017-12-01
84,2017,12,molecule17,brand43,SKU104,9.0,797.7705489520773,2017-12-01
83,2017,12,molecule16,brand39,SKU100,11668.0,132860.41286890223,2017-12-01
82,2017,12,molecule16,brand38,SKU99,1241.0,4276.7695063721785,2017-12-01
81,2017,12,molecule16,brand37,SKU98,174861.0,625356.5047730723,2017-12-01
80,2017,12,molecule16,brand37,SKU97,59964.0,138121.05741124938,2017-12-01
79,2017,12,molecule16,brand37,SKU96,78424.0,364755.78804446314,2017-12-01
78,2017,12,molecule16,brand36,SKU95,1335.0,6996.418649398521,2017-12-01
77,2017,12,molecule16,brand36,SKU94,335290.0,1103671.1534550483,2017-12-01
76,2017,12,molecule16,brand36,SKU93,154953.0,302875.11306031304,2017-12-01
75,2017,12,molecule16,brand36,SKU92,974.0,6485.707034612821,2017-12-01
74,2017,12,molecule16,brand36,SKU91,173469.0,694775.265870236,2017-12-01
73,2017,12,molecule16,brand35,SKU90,79.0,535.4902633457938,2017-12-01
72,2017,12,molecule16,brand35,SKU89,320.0,5653.166515545697,2017-12-01
71,2017,12,molecule16,brand34,SKU88,148.0,1199.2368092523573,2017-12-01
70,2017,12,molecule16,brand34,SKU87,785.0,18979.6897097736,2017-12-01
69,2017,12,molecule16,brand33,SKU86,5253.0,55096.97756957233,2017-12-01
68,2017,12,molecule16,brand33,SKU85,4115.0,32213.43298720509,2017-12-01
67,2017,12,molecule16,brand33,SKU84,2410.0,31783.45353720335,2017-12-01
66,2017,12,molecule16,brand33,SKU83,3182.0,22810.6416756055,2017-12-01
65,2017,12,molecule16,brand33,SKU82,3522.0,83205.18645768818,2017-12-01
93,2017,12,molecule21,brand50,SKU117,6.0,555.2603217270781,2017-12-01
64,2017,12,molecule16,brand33,SKU81,1530.0,20499.773520150942,2017-12-01
94,2017,12,molecule22,brand51,SKU119,8479.0,86603.10154289022,2017-12-01
96,2017,12,molecule22,brand51,SKU121,16977.0,151987.48845801526,2017-12-01
123,2017,12,molecule28,brand71,SKU157,1385.0,34165.17318142903,2017-12-01
122,2017,12,molecule27,brand69,SKU152,23163.0,72056.78500975684,2017-12-01
121,2017,12,molecule27,brand69,SKU151,8319.0,47028.79309627894,2017-12-01
120,2017,12,molecule27,brand68,SKU150,15834.0,122687.18766747857,2017-12-01
119,2017,12,molecule27,brand68,SKU149,5598.0,77716.34640198448,2017-12-01
118,2017,12,molecule26,brand67,SKU148,726.0,70215.14828126221,2017-12-01
117,2017,12,molecule25,brand66,SKU146,1093.0,11479.712171529804,2017-12-01
116,2017,12,molecule25,brand65,SKU145,17725.0,23017.92424383711,2017-12-01
115,2017,12,molecule25,brand64,SKU144,53363.0,23436.761766028736,2017-12-01
114,2017,12,molecule24,brand61,SKU141,4131.0,62255.04604604415,2017-12-01
113,2017,12,molecule24,brand60,SKU140,27414.0,541535.3676083175,2017-12-01
112,2017,12,molecule22,brand58,SKU137,10405.0,47751.323173801815,2017-12-01
111,2017,12,molecule22,brand58,SKU136,5300.0,37451.92329998897,2017-12-01
110,2017,12,molecule22,brand57,SKU135,12736.0,70105.7423422131,2017-12-01
109,2017,12,molecule22,brand57,SKU134,6594.0,46251.95195898693,2017-12-01
108,2017,12,molecule22,brand56,SKU133,80905.0,172008.42874676123,2017-12-01
107,2017,12,molecule22,brand56,SKU132,65314.0,73646.84830853358,2017-12-01
106,2017,12,molecule22,brand56,SKU131,174666.0,222296.257749339,2017-12-01
105,2017,12,molecule22,brand56,SKU130,2834.0,13688.645324640625,2017-12-01
104,2017,12,molecule22,brand56,SKU129,18982.0,36705.12943881192,2017-12-01
103,2017,12,molecule22,brand55,SKU128,210.0,11919.718575002706,2017-12-01
102,2017,12,molecule22,brand54,SKU127,5297.0,19129.766593317006,2017-12-01
101,2017,12,molecule22,brand54,SKU126,3352.0,15762.570652423105,2017-12-01
100,2017,12,molecule22,brand53,SKU125,1480.0,17866.882314213464,2017-12-01
99,2017,12,molecule22,brand53,SKU124,132.0,1890.877975315456,2017-12-01
98,2017,12,molecule22,brand52,SKU123,9.0,76.31798899575793,2017-12-01
97,2017,12,molecule22,brand52,SKU122,13.0,225.50514511319233,2017-12-01
95,2017,12,molecule22,brand51,SKU120,17675.0,133932.01822749033,2017-12-01
63,2017,12,molecule15,brand32,SKU80,13.0,6629.318577008695,2017-12-01
92,2017,12,molecule20,brand49,SKU116,280.0,27441.081283114065,2017-12-01
61,2017,12,molecule14,brand31,SKU78,41.0,2879.36788609349,2017-12-01
29,2017,12,molecule5,brand12,SKU29,2557.0,26438.46424942231,2017-12-01
28,2017,12,molecule5,brand11,SKU28,51296.0,430921.8223964277,2017-12-01
27,2017,12,molecule5,brand10,SKU27,39964.0,698393.5219829112,2017-12-01
26,2017,12,molecule5,brand10,SKU26,33976.0,410082.144805306,2017-12-01
25,2017,12,molecule5,brand10,SKU25,18928.0,490120.95323389856,2017-12-01
24,2017,12,molecule5,brand10,SKU24,18099.0,283422.1303056323,2017-12-01
23,2017,12,molecule5,brand9,SKU23,2121.0,4576.489548956738,2017-12-01
22,2017,12,molecule5,brand9,SKU22,1455.0,2965.2013626805206,2017-12-01
21,2017,12,molecule5,brand9,SKU21,807.0,1741.2731874109033,2017-12-01
20,2017,12,molecule5,brand8,SKU20,21002.0,105678.66921745364,2017-12-01
19,2017,12,molecule5,brand8,SKU19,3409.0,27704.228525401766,2017-12-01
18,2017,12,molecule5,brand7,SKU18,37014.0,155669.9222868122,2017-12-01
17,2017,12,molecule5,brand7,SKU17,310952.0,699367.4994642809,2017-12-01
30,2017,12,molecule5,brand12,SKU30,7854.0,54862.909557595856,2017-12-01
16,2017,12,molecule5,brand7,SKU16,16361.0,65747.97308838376,2017-12-01
14,2017,12,molecule5,brand7,SKU14,88772.0,259376.60016674933,2017-12-01
13,2017,12,molecule5,brand6,SKU13,22770.0,105135.86423142163,2017-12-01
12,2017,12,molecule5,brand6,SKU12,70749.0,199388.06551201714,2017-12-01
11,2017,12,molecule5,brand6,SKU11,17549.0,90771.25981229484,2017-12-01
10,2017,12,molecule5,brand6,SKU10,37385.0,98410.58714641117,2017-12-01
9,2017,12,molecule5,brand6,SKU9,6578.0,39206.34345587698,2017-12-01
8,2017,12,molecule5,brand6,SKU8,14194.0,52450.64117039523,2017-12-01
7,2017,12,molecule4,brand5,SKU7,4034.0,68044.39813048785,2017-12-01
6,2017,12,molecule4,brand4,SKU6,842.0,5643.960726628521,2017-12-01
5,2017,12,molecule3,brand3,SKU5,18206.0,61614.771981303194,2017-12-01
4,2017,12,molecule3,brand3,SKU4,14775.0,65098.087341283215,2017-12-01
3,2017,12,molecule2,brand2,SKU3,24404.0,10741.583225306746,2017-12-01
62,2017,12,molecule14,brand31,SKU79,3.0,420.2099206182537,2017-12-01
15,2017,12,molecule5,brand7,SKU15,169332.0,352228.30330518907,2017-12-01
31,2017,12,molecule6,brand14,SKU44,44969.0,108440.34758241719,2017-12-01
2,2017,12,molecule2,brand2,SKU2,7675.0,5627.32811053075,2017-12-01
53,2017,12,molecule9,brand25,SKU66,279319.0,3343924.858307089,2017-12-01
60,2017,12,molecule13,brand30,SKU76,2937.0,51814.66476641305,2017-12-01
59,2017,12,molecule12,brand29,SKU75,1049.0,5778.736158243383,2017-12-01
58,2017,12,molecule12,brand29,SKU74,1068.0,4067.5863151107014,2017-12-01
57,2017,12,molecule11,brand28,SKU73,23003.0,378079.576489476,2017-12-01
56,2017,12,molecule10,brand27,SKU72,226.0,8612.857194524964,2017-12-01
55,2017,12,molecule10,brand27,SKU71,242.0,4572.477634507957,2017-12-01
54,2017,12,molecule9,brand26,SKU67,119.0,363.2878853861105,2017-12-01
32,2017,12,molecule6,brand14,SKU45,9934.0,35559.70034598823,2017-12-01
52,2017,12,molecule9,brand25,SKU65,9111.0,36956.84592224611,2017-12-01
51,2017,12,molecule9,brand24,SKU64,15356.0,67246.27630991845,2017-12-01
50,2017,12,molecule9,brand23,SKU63,30916.0,130099.4927093142,2017-12-01
48,2017,12,molecule9,brand21,SKU61,4913.0,141230.8358969114,2017-12-01
47,2017,12,molecule9,brand21,SKU60,41.0,1094.1310784221862,2017-12-01
49,2017,12,molecule9,brand22,SKU62,35918.0,1091622.9451673646,2017-12-01
45,2017,12,molecule8,brand19,SKU58,95027.0,149114.95804851985,2017-12-01
33,2017,12,molecule6,brand14,SKU46,70702.0,143065.11166353326,2017-12-01
34,2017,12,molecule6,brand15,SKU47,56533.0,322537.51283521997,2017-12-01
35,2017,12,molecule6,brand15,SKU48,9107.0,68140.98759657226,2017-12-01
36,2017,12,molecule6,brand15,SKU49,117477.0,529236.7798891704,2017-12-01
46,2017,12,molecule8,brand20,SKU59,3157.0,18321.392993242865,2017-12-01
38,2017,12,molecule6,brand16,SKU51,145.0,1724.049674310224,2017-12-01
37,2017,12,molecule6,brand16,SKU50,258.0,2539.2457002834562,2017-12-01
40,2017,12,molecule6,brand17,SKU53,129.0,3972.3523682886866,2017-12-01
41,2017,12,molecule6,brand17,SKU54,349.0,13549.588495757705,2017-12-01
42,2017,12,molecule6,brand17,SKU55,94.0,2465.0152715359727,2017-12-01
43,2017,12,molecule7,brand18,SKU56,104.0,11216.751108888046,2017-12-01
44,2017,12,molecule7,brand18,SKU57,138.0,14595.878256503453,2017-12-01
39,2017,12,molecule6,brand16,SKU52,270.0,1692.193874311744,2017-12-01
206,2018,1,molecule16,brand39,SKU100,13628.0,152694.53105692912,2018-01-01
202,2018,1,molecule16,brand37,SKU96,86146.0,394181.7928382106,2018-01-01
203,2018,1,molecule16,brand37,SKU97,59376.0,134427.1248504669,2018-01-01
204,2018,1,molecule16,brand37,SKU98,186274.0,655976.618479072,2018-01-01
205,2018,1,molecule16,brand38,SKU99,1345.0,4575.394927574059,2018-01-01
207,2018,1,molecule17,brand43,SKU104,6.0,524.3750775722975,2018-01-01
186,2018,1,molecule15,brand32,SKU80,3.0,1506.930867568573,2018-01-01
209,2018,1,molecule18,brand44,SKU108,22.0,282.0019622097319,2018-01-01
210,2018,1,molecule18,brand45,SKU109,59470.0,593870.2866062185,2018-01-01
211,2018,1,molecule18,brand46,SKU110,3506.0,33075.32874008944,2018-01-01
212,2018,1,molecule19,brand48,SKU113,138.0,14279.806024123596,2018-01-01
213,2018,1,molecule19,brand48,SKU114,298.0,31221.770212673277,2018-01-01
208,2018,1,molecule17,brand43,SKU105,6.0,523.7023706094077,2018-01-01
201,2018,1,molecule16,brand36,SKU95,1436.0,7490.290172310765,2018-01-01
187,2018,1,molecule16,brand33,SKU81,1715.0,23454.11656159268,2018-01-01
199,2018,1,molecule16,brand36,SKU93,154893.0,298192.01313781406,2018-01-01
198,2018,1,molecule16,brand36,SKU92,1596.0,10540.766700643768,2018-01-01
197,2018,1,molecule16,brand36,SKU91,173947.0,686063.1288766342,2018-01-01
196,2018,1,molecule16,brand35,SKU90,63.0,438.673892267593,2018-01-01
195,2018,1,molecule16,brand35,SKU89,317.0,5695.061662552007,2018-01-01
194,2018,1,molecule16,brand34,SKU88,141.0,1078.4636216954168,2018-01-01
193,2018,1,molecule16,brand34,SKU87,468.0,10888.748229269162,2018-01-01
192,2018,1,molecule16,brand33,SKU86,4580.0,47592.11946499842,2018-01-01
191,2018,1,molecule16,brand33,SKU85,1951.0,15430.214300271045,2018-01-01
190,2018,1,molecule16,brand33,SKU84,4251.0,55914.51145593189,2018-01-01
189,2018,1,molecule16,brand33,SKU83,2953.0,20834.971681996278,2018-01-01
188,2018,1,molecule16,brand33,SKU82,4935.0,121975.25776992962,2018-01-01
214,2018,1,molecule20,brand49,SKU115,160.0,14399.376079421032,2018-01-01
200,2018,1,molecule16,brand36,SKU94,326028.0,1055218.3620132501,2018-01-01
215,2018,1,molecule20,brand49,SKU116,129.0,11639.453978815569,2018-01-01
230,2018,1,molecule22,brand56,SKU133,102667.0,215469.33765723652,2018-01-01
217,2018,1,molecule21,brand50,SKU117,9.0,688.1792230358698,2018-01-01
245,2018,1,molecule28,brand71,SKU157,6.0,149.03822762814983,2018-01-01
244,2018,1,molecule27,brand69,SKU152,27458.0,84333.37090925477,2018-01-01
243,2018,1,molecule27,brand69,SKU151,8162.0,45902.6250268925,2018-01-01
242,2018,1,molecule27,brand68,SKU150,19845.0,153924.43414726167,2018-01-01
241,2018,1,molecule27,brand68,SKU149,5096.0,68860.75662221921,2018-01-01
240,2018,1,molecule26,brand67,SKU148,430.0,38556.42708717418,2018-01-01
239,2018,1,molecule25,brand66,SKU146,990.0,10312.962924874566,2018-01-01
238,2018,1,molecule25,brand65,SKU145,18256.0,23196.729132157587,2018-01-01
237,2018,1,molecule25,brand64,SKU144,58195.0,25039.387511016266,2018-01-01
236,2018,1,molecule24,brand61,SKU141,3974.0,59318.96338594108,2018-01-01
235,2018,1,molecule24,brand60,SKU140,32698.0,650611.5385516707,2018-01-01
234,2018,1,molecule22,brand58,SKU137,6962.0,31639.202228496255,2018-01-01
233,2018,1,molecule22,brand58,SKU136,6990.0,46263.02804763255,2018-01-01
232,2018,1,molecule22,brand57,SKU135,18853.0,102314.6637837607,2018-01-01
231,2018,1,molecule22,brand57,SKU134,8938.0,61600.96965945403,2018-01-01
229,2018,1,molecule22,brand56,SKU132,47048.0,52130.16012192948,2018-01-01
228,2018,1,molecule22,brand56,SKU131,233515.0,282475.715041855,2018-01-01
227,2018,1,molecule22,brand56,SKU130,2774.0,13230.881783918485,2018-01-01
226,2018,1,molecule22,brand56,SKU129,18925.0,36073.08042388115,2018-01-01
225,2018,1,molecule22,brand55,SKU128,192.0,10751.242381637405,2018-01-01
224,2018,1,molecule22,brand54,SKU127,4555.0,16324.93079723634,2018-01-01
223,2018,1,molecule22,brand54,SKU126,2573.0,11577.56021264651,2018-01-01
222,2018,1,molecule22,brand53,SKU125,405.0,4753.836285650788,2018-01-01
221,2018,1,molecule22,brand53,SKU124,19.0,250.5870809372115,2018-01-01
220,2018,1,molecule22,brand51,SKU121,16299.0,144403.20469572055,2018-01-01
219,2018,1,molecule22,brand51,SKU120,18237.0,136376.78391877798,2018-01-01
218,2018,1,molecule22,brand51,SKU119,8281.0,82243.35076336162,2018-01-01
216,2018,1,molecule21,brand50,SKU118,19.0,1313.2921683008567,2018-01-01
185,2018,1,molecule14,brand31,SKU79,452.0,60395.713036513014,2018-01-01
153,2018,1,molecule5,brand12,SKU30,5645.0,38967.303456058646,2018-01-01
183,2018,1,molecule13,brand30,SKU76,3079.0,55792.580364266854,2018-01-01
150,2018,1,molecule5,brand10,SKU27,31560.0,567235.3809833588,2018-01-01
149,2018,1,molecule5,brand10,SKU26,34319.0,418832.73324773955,2018-01-01
148,2018,1,molecule5,brand10,SKU25,13405.0,349029.53228363494,2018-01-01
147,2018,1,molecule5,brand10,SKU24,12975.0,207942.63417114905,2018-01-01
146,2018,1,molecule5,brand9,SKU23,974.0,2084.22281085972,2018-01-01
145,2018,1,molecule5,brand9,SKU22,1169.0,2323.985825789638,2018-01-01
144,2018,1,molecule5,brand9,SKU21,697.0,1765.0112071237193,2018-01-01
143,2018,1,molecule5,brand8,SKU20,24413.0,121883.23228295273,2018-01-01
142,2018,1,molecule5,brand8,SKU19,4932.0,39189.30749555908,2018-01-01
141,2018,1,molecule5,brand7,SKU18,43844.0,181674.06155231598,2018-01-01
140,2018,1,molecule5,brand7,SKU17,307810.0,681561.8520321599,2018-01-01
139,2018,1,molecule5,brand7,SKU16,15937.0,62714.4164667453,2018-01-01
138,2018,1,molecule5,brand7,SKU15,169404.0,346951.1422612783,2018-01-01
137,2018,1,molecule5,brand7,SKU14,89846.0,258918.5375985703,2018-01-01
136,2018,1,molecule5,brand6,SKU13,24297.0,110112.9477794129,2018-01-01
135,2018,1,molecule5,brand6,SKU12,69282.0,191646.03187728155,2018-01-01
134,2018,1,molecule5,brand6,SKU11,16142.0,82233.13782611789,2018-01-01
133,2018,1,molecule5,brand6,SKU10,37822.0,97941.61630225599,2018-01-01
132,2018,1,molecule5,brand6,SKU9,5960.0,34630.186587232645,2018-01-01
131,2018,1,molecule5,brand6,SKU8,15029.0,54609.473573825075,2018-01-01
130,2018,1,molecule4,brand5,SKU7,3817.0,65370.65679771679,2018-01-01
129,2018,1,molecule4,brand4,SKU6,939.0,6174.715453812989,2018-01-01
128,2018,1,molecule3,brand3,SKU5,18303.0,61226.67974286879,2018-01-01
127,2018,1,molecule3,brand3,SKU4,17210.0,74879.87502720549,2018-01-01
126,2018,1,molecule2,brand2,SKU3,26204.0,11290.992442127597,2018-01-01
125,2018,1,molecule2,brand2,SKU2,8680.0,6261.1963999476375,2018-01-01
184,2018,1,molecule14,brand31,SKU78,380.0,25351.847719981353,2018-01-01
151,2018,1,molecule5,brand11,SKU28,31073.0,260793.5891958226,2018-01-01
152,2018,1,molecule5,brand12,SKU29,1803.0,19135.81529317028,2018-01-01
124,2018,1,molecule1,brand1,SKU1,1527.0,16956.938255260517,2018-01-01
154,2018,1,molecule6,brand14,SKU44,47429.0,112786.8325540953,2018-01-01
181,2018,1,molecule12,brand29,SKU74,949.0,3541.8103642616993,2018-01-01
180,2018,1,molecule11,brand28,SKU73,18975.0,309268.64881490066,2018-01-01
179,2018,1,molecule10,brand27,SKU72,292.0,10874.325415287018,2018-01-01
178,2018,1,molecule10,brand27,SKU71,248.0,4963.900705364573,2018-01-01
177,2018,1,molecule9,brand26,SKU67,47.0,146.7039344669233,2018-01-01
176,2018,1,molecule9,brand25,SKU66,271704.0,3201635.3952826746,2018-01-01
175,2018,1,molecule9,brand25,SKU65,8888.0,35447.65297847864,2018-01-01
174,2018,1,molecule9,brand24,SKU64,17093.0,73935.3840863265,2018-01-01
173,2018,1,molecule9,brand23,SKU63,30891.0,127789.43259638386,2018-01-01
172,2018,1,molecule9,brand22,SKU62,33750.0,1010287.5686297168,2018-01-01
171,2018,1,molecule9,brand21,SKU61,5246.0,150241.82356666852,2018-01-01
170,2018,1,molecule9,brand21,SKU60,41.0,1180.3954580027553,2018-01-01
169,2018,1,molecule8,brand20,SKU59,2498.0,14242.298587136915,2018-01-01
182,2018,1,molecule12,brand29,SKU75,1125.0,6094.175455882425,2018-01-01
167,2018,1,molecule7,brand18,SKU57,327.0,34066.2936039851,2018-01-01
168,2018,1,molecule8,brand19,SKU58,94512.0,145981.5180819513,2018-01-01
155,2018,1,molecule6,brand14,SKU45,10920.0,38499.26217158445,2018-01-01
156,2018,1,molecule6,brand14,SKU46,74110.0,149655.71584350054,2018-01-01
157,2018,1,molecule6,brand15,SKU47,64842.0,363707.4158598665,2018-01-01
159,2018,1,molecule6,brand15,SKU49,116625.0,516712.181599519,2018-01-01
160,2018,1,molecule6,brand16,SKU50,239.0,2421.8087965352174,2018-01-01
158,2018,1,molecule6,brand15,SKU48,10088.0,73622.34096234369,2018-01-01
162,2018,1,molecule6,brand16,SKU52,267.0,1706.5677386853952,2018-01-01
163,2018,1,molecule6,brand17,SKU53,63.0,1823.9524326672458,2018-01-01
164,2018,1,molecule6,brand17,SKU54,446.0,17033.803765541375,2018-01-01
165,2018,1,molecule6,brand17,SKU55,19.0,460.30908250934334,2018-01-01
166,2018,1,molecule7,brand18,SKU56,188.0,19227.66545309118,2018-01-01
161,2018,1,molecule6,brand16,SKU51,188.0,2517.8203273895733,2018-01-01
328,2018,2,molecule16,brand39,SKU100,10719.0,120708.87945553524,2018-02-01
325,2018,2,molecule16,brand37,SKU97,59379.0,133027.6023811106,2018-02-01
326,2018,2,molecule16,brand37,SKU98,172304.0,599404.1325235514,2018-02-01
327,2018,2,molecule16,brand38,SKU99,1407.0,4636.479516758381,2018-02-01
329,2018,2,molecule17,brand43,SKU106,6.0,488.20578488728853,2018-02-01
335,2018,2,molecule19,brand48,SKU114,188.0,19526.41903748855,2018-02-01
331,2018,2,molecule18,brand44,SKU108,38.0,445.7425029660844,2018-02-01
332,2018,2,molecule18,brand45,SKU109,88986.0,883404.2129397442,2018-02-01
333,2018,2,molecule18,brand46,SKU110,3899.0,36377.28210341065,2018-02-01
334,2018,2,molecule19,brand48,SKU113,113.0,11676.752705841714,2018-02-01
324,2018,2,molecule16,brand37,SKU96,77098.0,348540.9646587001,2018-02-01
330,2018,2,molecule17,brand43,SKU105,13.0,1086.9657775232142,2018-02-01
323,2018,2,molecule16,brand36,SKU95,1527.0,7822.613704698713,2018-02-01
316,2018,2,molecule16,brand34,SKU88,170.0,1315.7950697086644,2018-02-01
321,2018,2,molecule16,brand36,SKU93,143901.0,273888.0210679082,2018-02-01
320,2018,2,molecule16,brand36,SKU92,1445.0,9461.014439983683,2018-02-01
319,2018,2,molecule16,brand36,SKU91,154061.0,600316.0777921912,2018-02-01
318,2018,2,molecule16,brand35,SKU90,57.0,401.18931800515463,2018-02-01
317,2018,2,molecule16,brand35,SKU89,361.0,6291.342013806747,2018-02-01
315,2018,2,molecule16,brand34,SKU87,898.0,20769.279869334892,2018-02-01
314,2018,2,molecule16,brand33,SKU86,4405.0,44120.787037331575,2018-02-01
313,2018,2,molecule16,brand33,SKU85,1232.0,9473.217666758224,2018-02-01
312,2018,2,molecule16,brand33,SKU84,4046.0,52111.67794505052,2018-02-01
311,2018,2,molecule16,brand33,SKU83,2802.0,19226.333614271225,2018-02-01
310,2018,2,molecule16,brand33,SKU82,3776.0,90489.39039714991,2018-02-01
309,2018,2,molecule16,brand33,SKU81,2111.0,27950.327566941447,2018-02-01
336,2018,2,molecule20,brand49,SKU115,210.0,19413.42614343083,2018-02-01
322,2018,2,molecule16,brand36,SKU94,308655.0,988178.2832264537,2018-02-01
337,2018,2,molecule20,brand49,SKU116,126.0,11486.015638424098,2018-02-01
351,2018,2,molecule22,brand56,SKU133,69734.0,141161.12382693094,2018-02-01
339,2018,2,molecule21,brand50,SKU117,141.0,11257.208951438037,2018-02-01
366,2018,2,molecule28,brand71,SKU157,1948.0,44556.19097360152,2018-02-01
365,2018,2,molecule27,brand69,SKU152,22192.0,67154.09820439252,2018-02-01
364,2018,2,molecule27,brand69,SKU151,6968.0,38572.141021711206,2018-02-01
363,2018,2,molecule27,brand68,SKU150,15296.0,117789.36174791784,2018-02-01
362,2018,2,molecule27,brand68,SKU149,3547.0,49988.13311992434,2018-02-01
361,2018,2,molecule26,brand67,SKU148,192.0,17217.964224562616,2018-02-01
360,2018,2,molecule25,brand66,SKU146,565.0,5818.191819289319,2018-02-01
359,2018,2,molecule25,brand65,SKU145,15372.0,19357.85484631934,2018-02-01
358,2018,2,molecule25,brand64,SKU144,53501.0,22617.166977657354,2018-02-01
357,2018,2,molecule24,brand61,SKU141,2846.0,42088.57120639006,2018-02-01
356,2018,2,molecule24,brand60,SKU140,24586.0,496089.5898548512,2018-02-01
355,2018,2,molecule22,brand58,SKU137,13333.0,60743.1182651357,2018-02-01
354,2018,2,molecule22,brand58,SKU136,3013.0,21165.896083787433,2018-02-01
353,2018,2,molecule22,brand57,SKU135,15127.0,81103.72966803607,2018-02-01
352,2018,2,molecule22,brand57,SKU134,5953.0,40869.3309586883,2018-02-01
308,2018,2,molecule15,brand32,SKU80,25.0,12800.24035511189,2018-02-01
350,2018,2,molecule22,brand56,SKU132,76385.0,83722.98996321773,2018-02-01
349,2018,2,molecule22,brand56,SKU131,199761.0,237393.8920009146,2018-02-01
348,2018,2,molecule22,brand56,SKU130,3110.0,14336.348710688299,2018-02-01
347,2018,2,molecule22,brand56,SKU129,19233.0,35915.29060831753,2018-02-01
346,2018,2,molecule22,brand55,SKU128,1797.0,101032.7119382789,2018-02-01
345,2018,2,molecule22,brand54,SKU127,4747.0,16046.008694792148,2018-02-01
344,2018,2,molecule22,brand54,SKU126,2460.0,10200.431091304266,2018-02-01
343,2018,2,molecule22,brand53,SKU125,38.0,449.56937228108904,2018-02-01
342,2018,2,molecule22,brand51,SKU121,17150.0,150646.32872496665,2018-02-01
341,2018,2,molecule22,brand51,SKU120,24137.0,178057.40491098101,2018-02-01
340,2018,2,molecule22,brand51,SKU119,11168.0,111420.81138865907,2018-02-01
338,2018,2,molecule21,brand50,SKU118,88.0,7500.960567150392,2018-02-01
307,2018,2,molecule14,brand31,SKU79,251.0,31916.481181728876,2018-02-01
276,2018,2,molecule6,brand14,SKU44,44513.0,106134.07910898642,2018-02-01
305,2018,2,molecule13,brand30,SKU76,1828.0,33755.46726917649,2018-02-01
272,2018,2,molecule5,brand10,SKU27,23263.0,408535.21482461225,2018-02-01
271,2018,2,molecule5,brand10,SKU26,27087.0,322523.63075864693,2018-02-01
270,2018,2,molecule5,brand10,SKU25,7288.0,186348.1765354162,2018-02-01
269,2018,2,molecule5,brand10,SKU24,7144.0,111034.46097195061,2018-02-01
268,2018,2,molecule5,brand9,SKU23,1329.0,2786.6946489778056,2018-02-01
267,2018,2,molecule5,brand9,SKU22,1131.0,2171.23509968771,2018-02-01
266,2018,2,molecule5,brand9,SKU21,452.0,1135.066808493232,2018-02-01
265,2018,2,molecule5,brand8,SKU20,24109.0,117897.4542964016,2018-02-01
264,2018,2,molecule5,brand8,SKU19,4514.0,24923.098813591838,2018-02-01
263,2018,2,molecule5,brand7,SKU18,33128.0,135221.3057319818,2018-02-01
262,2018,2,molecule5,brand7,SKU17,295652.0,644438.5364527119,2018-02-01
260,2018,2,molecule5,brand7,SKU15,157303.0,317667.15546325175,2018-02-01
259,2018,2,molecule5,brand7,SKU14,79963.0,227302.23304642134,2018-02-01
258,2018,2,molecule5,brand6,SKU13,20863.0,93315.46650422738,2018-02-01
257,2018,2,molecule5,brand6,SKU12,65725.0,179243.16105466356,2018-02-01
256,2018,2,molecule5,brand6,SKU11,16346.0,82027.71183057895,2018-02-01
255,2018,2,molecule5,brand6,SKU10,37976.0,97024.78556366885,2018-02-01
254,2018,2,molecule5,brand6,SKU9,7166.0,41187.37801094843,2018-02-01
253,2018,2,molecule5,brand6,SKU8,14074.0,50245.29805801837,2018-02-01
252,2018,2,molecule4,brand5,SKU7,3767.0,64676.920108286155,2018-02-01
251,2018,2,molecule4,brand4,SKU6,763.0,4969.598850369778,2018-02-01
250,2018,2,molecule3,brand3,SKU5,14712.0,48901.726318153196,2018-02-01
249,2018,2,molecule3,brand3,SKU4,15234.0,65344.0642771854,2018-02-01
248,2018,2,molecule2,brand2,SKU3,24545.0,10370.509568258252,2018-02-01
247,2018,2,molecule2,brand2,SKU2,7826.0,5494.535646052743,2018-02-01
246,2018,2,molecule1,brand1,SKU1,842.0,8758.12023861789,2018-02-01
306,2018,2,molecule14,brand31,SKU78,214.0,13885.212099698916,2018-02-01
273,2018,2,molecule5,brand11,SKU28,26810.0,220391.38433168383,2018-02-01
274,2018,2,molecule5,brand12,SKU29,1637.0,17652.23842324063,2018-02-01
261,2018,2,molecule5,brand7,SKU16,27187.0,107087.66974721882,2018-02-01
303,2018,2,molecule12,brand29,SKU74,1034.0,3800.778920053069,2018-02-01
304,2018,2,molecule12,brand29,SKU75,1118.0,5920.908269502955,2018-02-01
275,2018,2,molecule5,brand12,SKU30,4383.0,30145.668720776295,2018-02-01
302,2018,2,molecule11,brand28,SKU73,13166.0,215175.22661950486,2018-02-01
301,2018,2,molecule10,brand27,SKU72,176.0,6102.84315112127,2018-02-01
300,2018,2,molecule10,brand27,SKU71,116.0,2266.376016568054,2018-02-01
299,2018,2,molecule9,brand26,SKU67,44.0,131.57440342253958,2018-02-01
298,2018,2,molecule9,brand25,SKU66,254284.0,2961749.335568287,2018-02-01
297,2018,2,molecule9,brand25,SKU65,9805.0,38694.03054498306,2018-02-01
296,2018,2,molecule9,brand24,SKU64,17034.0,72851.98840256069,2018-02-01
294,2018,2,molecule9,brand22,SKU62,30986.0,915422.6694823927,2018-02-01
293,2018,2,molecule9,brand21,SKU61,4879.0,138965.60121160754,2018-02-01
292,2018,2,molecule9,brand21,SKU60,31.0,857.6973162050524,2018-02-01
291,2018,2,molecule8,brand20,SKU59,4141.0,26542.330728137273,2018-02-01
290,2018,2,molecule8,brand19,SKU58,90101.0,137588.67321757914,2018-02-01
295,2018,2,molecule9,brand23,SKU63,25573.0,104894.40613731937,2018-02-01
278,2018,2,molecule6,brand14,SKU46,46081.0,91422.73672839369,2018-02-01
277,2018,2,molecule6,brand14,SKU45,8448.0,29300.50360968366,2018-02-01
289,2018,2,molecule7,brand18,SKU57,163.0,16693.54998048837,2018-02-01
279,2018,2,molecule6,brand15,SKU47,56008.0,309981.85440830607,2018-02-01
280,2018,2,molecule6,brand15,SKU48,10867.0,78341.89028653508,2018-02-01
281,2018,2,molecule6,brand15,SKU49,114184.0,500031.7594204294,2018-02-01
283,2018,2,molecule6,brand16,SKU51,185.0,2389.043020878042,2018-02-01
282,2018,2,molecule6,brand16,SKU50,264.0,2545.5256602825225,2018-02-01
285,2018,2,molecule6,brand17,SKU53,35.0,1114.5376813588575,2018-02-01
286,2018,2,molecule6,brand17,SKU54,236.0,8854.743043543464,2018-02-01
287,2018,2,molecule6,brand17,SKU55,38.0,923.9958406633158,2018-02-01
288,2018,2,molecule7,brand18,SKU56,94.0,9494.74401123704,2018-02-01
284,2018,2,molecule6,brand16,SKU52,333.0,2094.0825320209756,2018-02-01
449,2018,3,molecule17,brand43,SKU107,6.0,545.2432913698858,2018-03-01
446,2018,3,molecule16,brand37,SKU98,177956.0,625338.5199565754,2018-03-01
447,2018,3,molecule16,brand38,SKU99,1423.0,4800.704367493172,2018-03-01
448,2018,3,molecule16,brand39,SKU100,13025.0,148400.0530106556,2018-03-01
450,2018,3,molecule17,brand43,SKU106,13.0,1055.6745072055667,2018-03-01
456,2018,3,molecule19,brand48,SKU114,226.0,24053.269419597687,2018-03-01
452,2018,3,molecule18,brand44,SKU108,9.0,125.84868312075534,2018-03-01
453,2018,3,molecule18,brand45,SKU109,128667.0,1295735.457947561,2018-03-01
454,2018,3,molecule18,brand46,SKU110,3321.0,31043.27070345453,2018-03-01
455,2018,3,molecule19,brand48,SKU113,192.0,20685.135044276132,2018-03-01
445,2018,3,molecule16,brand37,SKU97,61839.0,139838.80774937302,2018-03-01
451,2018,3,molecule17,brand43,SKU105,13.0,1345.8901668875294,2018-03-01
444,2018,3,molecule16,brand37,SKU96,84138.0,384871.84910039697,2018-03-01
430,2018,3,molecule16,brand33,SKU82,7238.0,174805.00957837512,2018-03-01
442,2018,3,molecule16,brand36,SKU94,332117.0,1075747.1953394953,2018-03-01
441,2018,3,molecule16,brand36,SKU93,161657.0,311463.2979753886,2018-03-01
440,2018,3,molecule16,brand36,SKU92,1137.0,7698.296614592152,2018-03-01
439,2018,3,molecule16,brand36,SKU91,170532.0,672854.536502426,2018-03-01
438,2018,3,molecule16,brand35,SKU90,126.0,906.6407797747214,2018-03-01
437,2018,3,molecule16,brand35,SKU89,402.0,7345.664621552509,2018-03-01
436,2018,3,molecule16,brand34,SKU88,132.0,1059.4228093423883,2018-03-01
435,2018,3,molecule16,brand34,SKU87,842.0,19845.530885410633,2018-03-01
434,2018,3,molecule16,brand33,SKU86,8071.0,80483.8896963277,2018-03-01
433,2018,3,molecule16,brand33,SKU85,2802.0,21583.733901497566,2018-03-01
432,2018,3,molecule16,brand33,SKU84,7653.0,98841.51548802888,2018-03-01
431,2018,3,molecule16,brand33,SKU83,5240.0,36434.43116767143,2018-03-01
457,2018,3,molecule20,brand49,SKU115,82.0,7848.919639785429,2018-03-01
443,2018,3,molecule16,brand36,SKU95,920.0,4934.83728610994,2018-03-01
458,2018,3,molecule20,brand49,SKU116,47.0,4240.321782342219,2018-03-01
488,2018,3,molecule27,brand69,SKU152,26424.0,80941.81037909389,2018-03-01
460,2018,3,molecule21,brand50,SKU117,358.0,34983.89279777625,2018-03-01
489,2018,3,molecule28,brand71,SKU157,2007.0,46911.96801823026,2018-03-01
487,2018,3,molecule27,brand69,SKU151,6795.0,38019.022316611154,2018-03-01
486,2018,3,molecule27,brand68,SKU150,14307.0,113522.69344872743,2018-03-01
485,2018,3,molecule27,brand68,SKU149,4254.0,61724.95973720896,2018-03-01
484,2018,3,molecule26,brand67,SKU148,289.0,25938.39899649628,2018-03-01
483,2018,3,molecule25,brand66,SKU146,346.0,3592.8077913472953,2018-03-01
482,2018,3,molecule25,brand65,SKU145,17257.0,22063.435463535574,2018-03-01
481,2018,3,molecule25,brand64,SKU144,55779.0,23901.312091235763,2018-03-01
480,2018,3,molecule24,brand61,SKU141,3534.0,52922.78949434039,2018-03-01
479,2018,3,molecule24,brand60,SKU140,28978.0,591908.1314197388,2018-03-01
478,2018,3,molecule22,brand58,SKU137,7512.0,33263.34982746506,2018-03-01
477,2018,3,molecule22,brand58,SKU136,2400.0,16637.575310021,2018-03-01
476,2018,3,molecule22,brand57,SKU135,18689.0,102699.60311739422,2018-03-01
459,2018,3,molecule21,brand50,SKU118,383.0,36820.76524241223,2018-03-01
475,2018,3,molecule22,brand57,SKU134,6852.0,47688.54346933022,2018-03-01
473,2018,3,molecule22,brand56,SKU132,98872.0,110380.05907776274,2018-03-01
472,2018,3,molecule22,brand56,SKU131,232754.0,296937.9384643547,2018-03-01
471,2018,3,molecule22,brand56,SKU130,2824.0,13015.742025400263,2018-03-01
470,2018,3,molecule22,brand56,SKU129,26628.0,50169.986153442034,2018-03-01
469,2018,3,molecule22,brand55,SKU128,1115.0,63702.92290324689,2018-03-01
468,2018,3,molecule22,brand54,SKU127,9657.0,28029.0847181375,2018-03-01
467,2018,3,molecule22,brand54,SKU126,6855.0,25027.943472004397,2018-03-01
466,2018,3,molecule22,brand53,SKU125,69.0,824.8585710090805,2018-03-01
465,2018,3,molecule22,brand53,SKU124,6.0,89.8245817459,2018-03-01
464,2018,3,molecule22,brand52,SKU122,6.0,102.61818784164339,2018-03-01
463,2018,3,molecule22,brand51,SKU121,17370.0,153850.61036836405,2018-03-01
462,2018,3,molecule22,brand51,SKU120,18906.0,140033.91912939318,2018-03-01
461,2018,3,molecule22,brand51,SKU119,7543.0,75810.08925315965,2018-03-01
474,2018,3,molecule22,brand56,SKU133,48990.0,110252.59748695721,2018-03-01
428,2018,3,molecule14,brand31,SKU79,138.0,18072.339790985923,2018-03-01
429,2018,3,molecule16,brand33,SKU81,3811.0,50465.10459684511,2018-03-01
426,2018,3,molecule13,brand30,SKU76,1316.0,25127.404963741847,2018-03-01
393,2018,3,molecule5,brand10,SKU26,49816.0,589099.910031504,2018-03-01
392,2018,3,molecule5,brand10,SKU25,8542.0,217770.51069337464,2018-03-01
391,2018,3,molecule5,brand10,SKU24,19148.0,296452.53822725423,2018-03-01
390,2018,3,molecule5,brand9,SKU23,1257.0,2729.8805624689458,2018-03-01
389,2018,3,molecule5,brand9,SKU22,1285.0,2496.7837956683593,2018-03-01
388,2018,3,molecule5,brand9,SKU21,710.0,1742.5125883013473,2018-03-01
387,2018,3,molecule5,brand8,SKU20,23584.0,116574.05989506723,2018-03-01
386,2018,3,molecule5,brand8,SKU19,8212.0,64849.79502529608,2018-03-01
385,2018,3,molecule5,brand7,SKU18,56684.0,236160.70439323122,2018-03-01
384,2018,3,molecule5,brand7,SKU17,301461.0,663353.0309167074,2018-03-01
383,2018,3,molecule5,brand7,SKU16,21787.0,86500.39159155409,2018-03-01
382,2018,3,molecule5,brand7,SKU15,156649.0,319441.5322655116,2018-03-01
380,2018,3,molecule5,brand7,SKU14,86557.0,248851.6020195874,2018-03-01
379,2018,3,molecule5,brand6,SKU13,22466.0,101287.17481023583,2018-03-01
378,2018,3,molecule5,brand6,SKU12,75844.0,209221.93547916153,2018-03-01
377,2018,3,molecule5,brand6,SKU11,19201.0,97349.35902861405,2018-03-01
376,2018,3,molecule5,brand6,SKU10,38660.0,99883.60310003631,2018-03-01
375,2018,3,molecule5,brand6,SKU9,5919.0,34389.42852080428,2018-03-01
374,2018,3,molecule5,brand6,SKU8,15510.0,56299.065858691436,2018-03-01
373,2018,3,molecule4,brand5,SKU7,3440.0,60108.8245953606,2018-03-01
372,2018,3,molecule4,brand4,SKU6,559.0,3692.7158349820306,2018-03-01
371,2018,3,molecule3,brand3,SKU5,17075.0,57490.30264305412,2018-03-01
370,2018,3,molecule3,brand3,SKU4,14919.0,64528.49066221032,2018-03-01
369,2018,3,molecule2,brand2,SKU3,24574.0,10504.278638479558,2018-03-01
368,2018,3,molecule2,brand2,SKU2,7757.0,5499.618009835122,2018-03-01
367,2018,3,molecule1,brand1,SKU1,201.0,2059.3970838682335,2018-03-01
427,2018,3,molecule14,brand31,SKU78,204.0,13415.92024566452,2018-03-01
394,2018,3,molecule5,brand10,SKU27,43392.0,755131.4691864687,2018-03-01
395,2018,3,molecule5,brand11,SKU28,48622.0,399029.920184117,2018-03-01
381,2018,3,molecule5,brand7,SKU31,704.0,3910.8033791618323,2018-03-01
397,2018,3,molecule5,brand12,SKU30,4200.0,29727.665911868102,2018-03-01
425,2018,3,molecule12,brand29,SKU75,1734.0,9292.311800059053,2018-03-01
396,2018,3,molecule5,brand12,SKU29,2190.0,23759.65526966779,2018-03-01
424,2018,3,molecule12,brand29,SKU74,1323.0,4878.34858937974,2018-03-01
423,2018,3,molecule11,brand28,SKU73,15033.0,250492.41977582875,2018-03-01
422,2018,3,molecule10,brand27,SKU72,239.0,8674.41460118745,2018-03-01
421,2018,3,molecule10,brand27,SKU71,286.0,5652.288920703282,2018-03-01
420,2018,3,molecule9,brand26,SKU67,38.0,116.84826900778526,2018-03-01
419,2018,3,molecule9,brand25,SKU66,288420.0,3404322.8740727175,2018-03-01
418,2018,3,molecule9,brand25,SKU65,10286.0,41098.46739906395,2018-03-01
416,2018,3,molecule9,brand23,SKU63,30216.0,125241.24932339191,2018-03-01
415,2018,3,molecule9,brand22,SKU62,35484.0,1062559.1359115886,2018-03-01
414,2018,3,molecule9,brand21,SKU61,5325.0,158076.67765226544,2018-03-01
413,2018,3,molecule8,brand20,SKU59,5231.0,31610.028381860433,2018-03-01
412,2018,3,molecule8,brand19,SKU58,83705.0,129281.3766795187,2018-03-01
417,2018,3,molecule9,brand24,SKU64,17477.0,75438.65997220503,2018-03-01
399,2018,3,molecule6,brand14,SKU45,10543.0,37011.4516438212,2018-03-01
398,2018,3,molecule6,brand14,SKU44,47447.0,118398.38468711919,2018-03-01
411,2018,3,molecule7,brand18,SKU57,135.0,13706.074425731234,2018-03-01
400,2018,3,molecule6,brand14,SKU46,82080.0,181604.47611299952,2018-03-01
401,2018,3,molecule6,brand15,SKU47,61597.0,345340.09656326217,2018-03-01
402,2018,3,molecule6,brand15,SKU48,10474.0,76524.53345051546,2018-03-01
404,2018,3,molecule6,brand16,SKU50,446.0,4414.461128207043,2018-03-01
403,2018,3,molecule6,brand15,SKU49,125262.0,554126.8679972288,2018-03-01
406,2018,3,molecule6,brand16,SKU52,484.0,3161.197460895904,2018-03-01
407,2018,3,molecule6,brand17,SKU53,22.0,715.6403369696393,2018-03-01
408,2018,3,molecule6,brand17,SKU54,88.0,3264.1523225821734,2018-03-01
409,2018,3,molecule6,brand17,SKU55,19.0,439.9223607200046,2018-03-01
410,2018,3,molecule7,brand18,SKU56,57.0,5760.214531224118,2018-03-01
405,2018,3,molecule6,brand16,SKU51,368.0,5064.168550349762,2018-03-01
575,2018,4,molecule17,brand43,SKU107,9.0,920.1618617151219,2018-04-01
571,2018,4,molecule16,brand37,SKU97,64648.0,143533.65485241002,2018-04-01
572,2018,4,molecule16,brand37,SKU98,187138.0,647027.1686182608,2018-04-01
573,2018,4,molecule16,brand38,SKU99,1637.0,5294.377601131968,2018-04-01
574,2018,4,molecule16,brand39,SKU100,13261.0,150522.50302152283,2018-04-01
576,2018,4,molecule17,brand43,SKU104,6.0,636.3170046420717,2018-04-01
582,2018,4,molecule19,brand48,SKU114,261.0,28120.159417047627,2018-04-01
578,2018,4,molecule18,brand44,SKU108,57.0,671.1787265521077,2018-04-01
579,2018,4,molecule18,brand45,SKU109,90107.0,889800.2758804434,2018-04-01
580,2018,4,molecule18,brand46,SKU110,2121.0,19492.889559953317,2018-04-01
581,2018,4,molecule19,brand48,SKU113,107.0,11022.702318161604,2018-04-01
570,2018,4,molecule16,brand37,SKU96,79866.0,358798.1475186513,2018-04-01
577,2018,4,molecule17,brand43,SKU106,9.0,885.5337161006587,2018-04-01
569,2018,4,molecule16,brand36,SKU95,1543.0,7728.458086422119,2018-04-01
555,2018,4,molecule16,brand33,SKU81,2231.0,29616.231669264675,2018-04-01
567,2018,4,molecule16,brand36,SKU93,149700.0,283036.93764577067,2018-04-01
566,2018,4,molecule16,brand36,SKU92,2290.0,14502.702466018935,2018-04-01
565,2018,4,molecule16,brand36,SKU91,164362.0,649194.9711058234,2018-04-01
564,2018,4,molecule16,brand35,SKU90,28.0,182.78050148853984,2018-04-01
563,2018,4,molecule16,brand35,SKU89,405.0,7037.525042755923,2018-04-01
562,2018,4,molecule16,brand34,SKU88,94.0,762.8991720281238,2018-04-01
561,2018,4,molecule16,brand34,SKU87,1228.0,29017.79933011029,2018-04-01
560,2018,4,molecule16,brand33,SKU86,2749.0,27177.13346131025,2018-04-01
559,2018,4,molecule16,brand33,SKU85,2325.0,17542.290244220516,2018-04-01
558,2018,4,molecule16,brand33,SKU84,3173.0,41193.128464681344,2018-04-01
557,2018,4,molecule16,brand33,SKU83,2878.0,19946.22443730929,2018-04-01
556,2018,4,molecule16,brand33,SKU82,2699.0,64780.00820011185,2018-04-01
583,2018,4,molecule20,brand49,SKU115,9.0,917.2154898607367,2018-04-01
568,2018,4,molecule16,brand36,SKU94,324291.0,1041759.1817438736,2018-04-01
584,2018,4,molecule20,brand49,SKU116,16.0,1399.4273149279236,2018-04-01
614,2018,4,molecule28,brand71,SKU157,2890.0,71837.61931735699,2018-04-01
586,2018,4,molecule21,brand50,SKU117,31.0,4916.832518934764,2018-04-01
554,2018,4,molecule15,brand32,SKU80,19.0,9682.62761625542,2018-04-01
613,2018,4,molecule27,brand69,SKU152,27869.0,83777.87379575895,2018-04-01
612,2018,4,molecule27,brand69,SKU151,8234.0,45662.67070019227,2018-04-01
611,2018,4,molecule27,brand68,SKU150,22308.0,174968.38645603246,2018-04-01
610,2018,4,molecule27,brand68,SKU149,6748.0,95842.82522483551,2018-04-01
609,2018,4,molecule26,brand67,SKU148,173.0,15572.268856658464,2018-04-01
608,2018,4,molecule25,brand66,SKU146,229.0,2356.4110397861614,2018-04-01
607,2018,4,molecule25,brand65,SKU145,16518.0,20440.90469613066,2018-04-01
606,2018,4,molecule25,brand64,SKU144,52270.0,22119.722095520054,2018-04-01
605,2018,4,molecule24,brand61,SKU141,3993.0,58690.56453842723,2018-04-01
604,2018,4,molecule24,brand60,SKU140,27250.0,555824.4006760294,2018-04-01
603,2018,4,molecule22,brand58,SKU137,5272.0,25126.903761482736,2018-04-01
602,2018,4,molecule22,brand58,SKU136,3434.0,23981.58965548407,2018-04-01
585,2018,4,molecule21,brand50,SKU118,13.0,1099.3415485788703,2018-04-01
601,2018,4,molecule22,brand57,SKU135,18143.0,98932.0493106488,2018-04-01
599,2018,4,molecule22,brand56,SKU133,110612.0,234602.26118372453,2018-04-01
598,2018,4,molecule22,brand56,SKU132,22497.0,25406.63003138895,2018-04-01
597,2018,4,molecule22,brand56,SKU131,158823.0,186719.11514070438,2018-04-01
596,2018,4,molecule22,brand56,SKU130,2988.0,13758.87920670899,2018-04-01
595,2018,4,molecule22,brand56,SKU129,28563.0,52215.898472830675,2018-04-01
594,2018,4,molecule22,brand55,SKU128,719.0,40805.5053362666,2018-04-01
593,2018,4,molecule22,brand54,SKU127,11121.0,29592.174380919034,2018-04-01
592,2018,4,molecule22,brand54,SKU126,5944.0,20577.471342898436,2018-04-01
591,2018,4,molecule22,brand53,SKU125,22.0,259.2460414412529,2018-04-01
590,2018,4,molecule22,brand53,SKU124,25.0,368.0206042837367,2018-04-01
589,2018,4,molecule22,brand51,SKU121,22635.0,196071.36194299677,2018-04-01
588,2018,4,molecule22,brand51,SKU120,26493.0,192426.25487980773,2018-04-01
587,2018,4,molecule22,brand51,SKU119,10279.0,102011.83465146698,2018-04-01
600,2018,4,molecule22,brand57,SKU134,6060.0,41962.64254729689,2018-04-01
553,2018,4,molecule14,brand31,SKU79,79.0,10757.957117029093,2018-04-01
514,2018,4,molecule5,brand10,SKU24,5985.0,92909.33671372857,2018-04-01
551,2018,4,molecule13,brand30,SKU76,999.0,19012.838260444623,2018-04-01
518,2018,4,molecule5,brand11,SKU28,25309.0,212034.02114140673,2018-04-01
517,2018,4,molecule5,brand10,SKU27,14794.0,264526.7156974554,2018-04-01
516,2018,4,molecule5,brand10,SKU26,16691.0,196952.71556887083,2018-04-01
515,2018,4,molecule5,brand10,SKU25,5454.0,140274.29871022928,2018-04-01
552,2018,4,molecule14,brand31,SKU78,126.0,8452.796555094059,2018-04-01
513,2018,4,molecule5,brand9,SKU23,968.0,2070.9510197433483,2018-04-01
512,2018,4,molecule5,brand9,SKU22,1351.0,2631.162931796966,2018-04-01
511,2018,4,molecule5,brand9,SKU21,534.0,1349.6462884982946,2018-04-01
510,2018,4,molecule5,brand8,SKU20,21661.0,104965.11527171536,2018-04-01
509,2018,4,molecule5,brand8,SKU19,5228.0,40688.28662630305,2018-04-01
508,2018,4,molecule5,brand7,SKU18,41670.0,169667.39356745855,2018-04-01
507,2018,4,molecule5,brand7,SKU17,297308.0,643786.314562044,2018-04-01
506,2018,4,molecule5,brand7,SKU16,25381.0,99020.16239136618,2018-04-01
519,2018,4,molecule5,brand12,SKU29,1442.0,15255.725644559196,2018-04-01
505,2018,4,molecule5,brand7,SKU15,150840.0,302226.38802962966,2018-04-01
503,2018,4,molecule5,brand7,SKU14,78829.0,222476.76216334087,2018-04-01
502,2018,4,molecule5,brand6,SKU13,18862.0,83426.00721132023,2018-04-01
501,2018,4,molecule5,brand6,SKU12,66209.0,179142.09706050795,2018-04-01
500,2018,4,molecule5,brand6,SKU11,17144.0,84942.5707483944,2018-04-01
499,2018,4,molecule5,brand6,SKU10,34294.0,87237.24854437073,2018-04-01
498,2018,4,molecule5,brand6,SKU9,5520.0,31428.377452460256,2018-04-01
497,2018,4,molecule5,brand6,SKU8,13217.0,46997.52220297892,2018-04-01
496,2018,4,molecule4,brand5,SKU7,4408.0,77229.90971181606,2018-04-01
495,2018,4,molecule4,brand4,SKU6,745.0,4813.22312149693,2018-04-01
494,2018,4,molecule3,brand3,SKU5,19082.0,61437.075593416215,2018-04-01
493,2018,4,molecule3,brand3,SKU4,18689.0,78833.42206124264,2018-04-01
492,2018,4,molecule2,brand2,SKU3,24278.0,10282.266205572507,2018-04-01
490,2018,4,molecule1,brand1,SKU1,31.0,283.0094999592801,2018-04-01
504,2018,4,molecule5,brand7,SKU31,7904.0,43009.56211795937,2018-04-01
520,2018,4,molecule5,brand12,SKU30,3274.0,23243.342593013753,2018-04-01
491,2018,4,molecule2,brand2,SKU2,6933.0,4870.060907640007,2018-04-01
522,2018,4,molecule6,brand14,SKU44,43467.0,113566.73507912173,2018-04-01
521,2018,4,molecule5,brand12,SKU32,6.0,41.6795748839482,2018-04-01
549,2018,4,molecule12,brand29,SKU75,1200.0,6351.8154479042905,2018-04-01
548,2018,4,molecule12,brand29,SKU74,1065.0,3848.3677921222443,2018-04-01
547,2018,4,molecule11,brand28,SKU73,34071.0,559325.5456639925,2018-04-01
546,2018,4,molecule10,brand27,SKU72,267.0,9617.443017490416,2018-04-01
545,2018,4,molecule10,brand27,SKU71,173.0,3360.4533697591587,2018-04-01
544,2018,4,molecule9,brand26,SKU67,19.0,57.02939978825633,2018-04-01
543,2018,4,molecule9,brand25,SKU66,266473.0,3081114.9224815858,2018-04-01
542,2018,4,molecule9,brand25,SKU65,9048.0,35641.92880968859,2018-04-01
541,2018,4,molecule9,brand24,SKU64,17207.0,73083.58236240059,2018-04-01
540,2018,4,molecule9,brand23,SKU63,27527.0,112335.15175610394,2018-04-01
539,2018,4,molecule9,brand22,SKU62,36185.0,1065465.4416005875,2018-04-01
538,2018,4,molecule9,brand21,SKU61,5086.0,150393.1260272978,2018-04-01
537,2018,4,molecule8,brand20,SKU59,5268.0,33130.489559017056,2018-04-01
550,2018,4,molecule13,brand30,SKU77,6.0,120.50329831419485,2018-04-01
535,2018,4,molecule7,brand18,SKU57,126.0,13690.935890544817,2018-04-01
536,2018,4,molecule8,brand19,SKU58,82775.0,125789.37124406293,2018-04-01
523,2018,4,molecule6,brand14,SKU45,9868.0,34098.29143427724,2018-04-01
524,2018,4,molecule6,brand14,SKU46,67469.0,150546.5825350037,2018-04-01
525,2018,4,molecule6,brand15,SKU47,56926.0,312581.96440481814,2018-04-01
527,2018,4,molecule6,brand15,SKU49,112764.0,488225.57018667425,2018-04-01
528,2018,4,molecule6,brand16,SKU50,851.0,8503.000162879713,2018-04-01
526,2018,4,molecule6,brand15,SKU48,11237.0,80978.85859461312,2018-04-01
530,2018,4,molecule6,brand16,SKU52,1021.0,6791.927097295566,2018-04-01
531,2018,4,molecule6,brand17,SKU53,6.0,118.98045443440057,2018-04-01
532,2018,4,molecule6,brand17,SKU54,31.0,1074.5329872139403,2018-04-01
533,2018,4,molecule6,brand17,SKU55,28.0,560.0828514808481,2018-04-01
534,2018,4,molecule7,brand18,SKU56,38.0,4130.997258191495,2018-04-01
529,2018,4,molecule6,brand16,SKU51,562.0,8193.589428014671,2018-04-01
695,2018,5,molecule17,brand43,SKU106,22.0,2194.0200100891175,2018-05-01
692,2018,5,molecule16,brand38,SKU99,1599.0,5357.1268438495545,2018-05-01
693,2018,5,molecule16,brand39,SKU100,13920.0,164078.1930933811,2018-05-01
694,2018,5,molecule17,brand43,SKU107,16.0,1600.1349251723593,2018-05-01
696,2018,5,molecule17,brand43,SKU105,22.0,2417.5824785606187,2018-05-01
702,2018,5,molecule20,brand49,SKU115,276.0,27051.979389913962,2018-05-01
698,2018,5,molecule18,brand45,SKU109,92061.0,937502.9521109149,2018-05-01
699,2018,5,molecule18,brand46,SKU110,2626.0,24731.731511726757,2018-05-01
700,2018,5,molecule19,brand48,SKU113,97.0,10143.708954636964,2018-05-01
701,2018,5,molecule19,brand48,SKU114,126.0,14002.149510257277,2018-05-01
703,2018,5,molecule20,brand49,SKU116,217.0,20629.807389184178,2018-05-01
697,2018,5,molecule18,brand44,SKU108,25.0,344.58143286531003,2018-05-01
691,2018,5,molecule16,brand37,SKU98,198627.0,706956.2345320021,2018-05-01
685,2018,5,molecule16,brand36,SKU92,2061.0,13771.745049512572,2018-05-01
689,2018,5,molecule16,brand37,SKU96,91518.0,422662.73813872767,2018-05-01
688,2018,5,molecule16,brand36,SKU95,2004.0,10761.346070276992,2018-05-01
687,2018,5,molecule16,brand36,SKU94,349135.0,1195281.1698493068,2018-05-01
686,2018,5,molecule16,brand36,SKU93,166661.0,325637.8024001409,2018-05-01
684,2018,5,molecule16,brand36,SKU91,176746.0,758295.4357793733,2018-05-01
683,2018,5,molecule16,brand35,SKU90,13.0,89.45232890533079,2018-05-01
682,2018,5,molecule16,brand35,SKU89,449.0,8193.84953187892,2018-05-01
681,2018,5,molecule16,brand34,SKU88,151.0,1253.6944590409728,2018-05-01
680,2018,5,molecule16,brand34,SKU87,1005.0,24075.504203800232,2018-05-01
679,2018,5,molecule16,brand33,SKU86,1602.0,16747.089522646147,2018-05-01
678,2018,5,molecule16,brand33,SKU85,3003.0,22730.287673921284,2018-05-01
704,2018,5,molecule21,brand50,SKU118,625.0,60949.08395179187,2018-05-01
677,2018,5,molecule16,brand33,SKU84,2827.0,37975.16565882891,2018-05-01
690,2018,5,molecule16,brand37,SKU97,70387.0,161176.67352477412,2018-05-01
705,2018,5,molecule21,brand50,SKU117,958.0,93094.54464160197,2018-05-01
720,2018,5,molecule22,brand57,SKU134,7100.0,50783.59783917226,2018-05-01
707,2018,5,molecule22,brand51,SKU120,20533.0,153388.44465377345,2018-05-01
676,2018,5,molecule16,brand33,SKU83,2824.0,20116.35366201972,2018-05-01
734,2018,5,molecule28,brand71,SKU157,1992.0,53372.22336209597,2018-05-01
733,2018,5,molecule27,brand69,SKU152,27508.0,85201.96160311473,2018-05-01
732,2018,5,molecule27,brand69,SKU151,4979.0,28542.173445111115,2018-05-01
731,2018,5,molecule27,brand68,SKU150,16264.0,131671.56643077824,2018-05-01
730,2018,5,molecule27,brand68,SKU149,3497.0,50791.26406954904,2018-05-01
729,2018,5,molecule26,brand67,SKU148,132.0,12515.273319080472,2018-05-01
728,2018,5,molecule25,brand66,SKU146,97.0,1004.3505603258861,2018-05-01
727,2018,5,molecule25,brand65,SKU145,17942.0,22876.871244422353,2018-05-01
726,2018,5,molecule25,brand64,SKU144,55763.0,24188.60025435005,2018-05-01
725,2018,5,molecule24,brand61,SKU141,2410.0,36430.934385310095,2018-05-01
724,2018,5,molecule24,brand60,SKU140,27533.0,571142.741259209,2018-05-01
723,2018,5,molecule22,brand58,SKU137,2205.0,10944.384127097059,2018-05-01
722,2018,5,molecule22,brand58,SKU136,4357.0,33837.42556251816,2018-05-01
721,2018,5,molecule22,brand57,SKU135,24683.0,137713.65513340096,2018-05-01
719,2018,5,molecule22,brand56,SKU133,59027.0,151593.40839369997,2018-05-01
718,2018,5,molecule22,brand56,SKU132,6079.0,6674.311008329823,2018-05-01
717,2018,5,molecule22,brand56,SKU131,209180.0,279560.0533502175,2018-05-01
716,2018,5,molecule22,brand56,SKU130,5501.0,25445.095539271024,2018-05-01
715,2018,5,molecule22,brand56,SKU129,24611.0,46070.14905529977,2018-05-01
714,2018,5,molecule22,brand55,SKU128,1351.0,78420.02110219725,2018-05-01
713,2018,5,molecule22,brand54,SKU127,14059.0,37886.43300702758,2018-05-01
712,2018,5,molecule22,brand54,SKU126,4706.0,16409.256968710895,2018-05-01
711,2018,5,molecule22,brand53,SKU125,79.0,944.6311753825438,2018-05-01
710,2018,5,molecule22,brand53,SKU124,3.0,46.44640154699846,2018-05-01
709,2018,5,molecule22,brand52,SKU122,72.0,1250.054144947033,2018-05-01
708,2018,5,molecule22,brand51,SKU121,15966.0,142087.9002982171,2018-05-01
706,2018,5,molecule22,brand51,SKU119,8168.0,82612.5435319683,2018-05-01
675,2018,5,molecule16,brand33,SKU82,1241.0,30838.536060517687,2018-05-01
673,2018,5,molecule15,brand32,SKU80,9.0,4782.578106608369,2018-05-01
615,2018,5,molecule2,brand2,SKU2,7367.0,5326.0938021463935,2018-05-01
641,2018,5,molecule5,brand10,SKU27,17634.0,327873.5538629265,2018-05-01
640,2018,5,molecule5,brand10,SKU26,11489.0,137411.02651458775,2018-05-01
639,2018,5,molecule5,brand10,SKU25,4562.0,120110.45826645436,2018-05-01
638,2018,5,molecule5,brand10,SKU24,8595.0,136637.57142242749,2018-05-01
637,2018,5,molecule5,brand9,SKU23,911.0,2018.4167618561648,2018-05-01
636,2018,5,molecule5,brand9,SKU22,1269.0,2571.1681474310253,2018-05-01
635,2018,5,molecule5,brand9,SKU21,820.0,2126.3249637442373,2018-05-01
634,2018,5,molecule5,brand8,SKU20,26116.0,130547.5236555164,2018-05-01
633,2018,5,molecule5,brand8,SKU19,5328.0,43431.6859317049,2018-05-01
632,2018,5,molecule5,brand7,SKU18,52069.0,219182.50786140282,2018-05-01
631,2018,5,molecule5,brand7,SKU17,304628.0,679355.6532871678,2018-05-01
629,2018,5,molecule5,brand7,SKU15,160026.0,330426.24876924476,2018-05-01
642,2018,5,molecule5,brand11,SKU28,22638.0,195235.44705017863,2018-05-01
628,2018,5,molecule5,brand7,SKU31,3223.0,18057.399187175186,2018-05-01
626,2018,5,molecule5,brand6,SKU13,22283.0,100811.26611464263,2018-05-01
625,2018,5,molecule5,brand6,SKU12,72621.0,202614.26191555161,2018-05-01
624,2018,5,molecule5,brand6,SKU11,16374.0,83489.13051070465,2018-05-01
623,2018,5,molecule5,brand6,SKU10,38478.0,100512.50859777369,2018-05-01
622,2018,5,molecule5,brand6,SKU9,4722.0,27696.724782484813,2018-05-01
621,2018,5,molecule5,brand6,SKU8,14253.0,52207.549456370914,2018-05-01
620,2018,5,molecule4,brand5,SKU7,4923.0,89843.30423393233,2018-05-01
619,2018,5,molecule4,brand4,SKU6,748.0,4933.805988613708,2018-05-01
618,2018,5,molecule3,brand3,SKU5,20125.0,68250.41796592266,2018-05-01
617,2018,5,molecule3,brand3,SKU4,19016.0,84260.43320641319,2018-05-01
616,2018,5,molecule2,brand2,SKU3,24724.0,10765.0812853437,2018-05-01
674,2018,5,molecule16,brand33,SKU81,2774.0,36807.65802575448,2018-05-01
627,2018,5,molecule5,brand7,SKU14,83042.0,241409.80034469278,2018-05-01
643,2018,5,molecule5,brand12,SKU29,1436.0,15181.253519877811,2018-05-01
630,2018,5,molecule5,brand7,SKU16,27809.0,112067.69047953156,2018-05-01
645,2018,5,molecule6,brand14,SKU44,45867.0,123135.47212003425,2018-05-01
644,2018,5,molecule5,brand12,SKU30,4285.0,31422.651408156005,2018-05-01
671,2018,5,molecule14,brand31,SKU78,119.0,8236.419658739918,2018-05-01
670,2018,5,molecule13,brand30,SKU76,4012.0,84318.58470087971,2018-05-01
669,2018,5,molecule12,brand29,SKU75,1263.0,6924.86432830801,2018-05-01
668,2018,5,molecule12,brand29,SKU74,1024.0,3873.6611025201178,2018-05-01
667,2018,5,molecule11,brand28,SKU73,19987.0,338864.469677041,2018-05-01
666,2018,5,molecule10,brand27,SKU72,226.0,8397.001619630812,2018-05-01
665,2018,5,molecule10,brand27,SKU71,148.0,2887.6112683312526,2018-05-01
664,2018,5,molecule9,brand25,SKU66,289906.0,3450784.1603139443,2018-05-01
663,2018,5,molecule9,brand25,SKU65,9792.0,39696.47184068833,2018-05-01
662,2018,5,molecule9,brand24,SKU64,17002.0,74473.8765167703,2018-05-01
661,2018,5,molecule9,brand23,SKU63,29273.0,123161.08332501908,2018-05-01
660,2018,5,molecule9,brand22,SKU62,38155.0,1158591.2116597826,2018-05-01
659,2018,5,molecule9,brand21,SKU61,5102.0,157786.96282924252,2018-05-01
672,2018,5,molecule14,brand31,SKU79,182.0,24198.775160469184,2018-05-01
646,2018,5,molecule6,brand14,SKU45,10936.0,38805.963827271116,2018-05-01
658,2018,5,molecule8,brand20,SKU59,4995.0,31953.25453018959,2018-05-01
647,2018,5,molecule6,brand14,SKU46,71468.0,164797.38825042397,2018-05-01
648,2018,5,molecule6,brand15,SKU47,62668.0,355234.13650599995,2018-05-01
649,2018,5,molecule6,brand15,SKU48,10911.0,80804.58794421506,2018-05-01
651,2018,5,molecule6,brand16,SKU50,534.0,5749.038802559866,2018-05-01
650,2018,5,molecule6,brand15,SKU49,124913.0,557708.5589868565,2018-05-01
653,2018,5,molecule6,brand16,SKU52,650.0,4419.279023889773,2018-05-01
654,2018,5,molecule6,brand17,SKU54,9.0,326.52606356145947,2018-05-01
655,2018,5,molecule7,brand18,SKU56,192.0,20356.61082733544,2018-05-01
656,2018,5,molecule7,brand18,SKU57,141.0,15770.434953197686,2018-05-01
657,2018,5,molecule8,brand19,SKU58,80070.0,125650.25223767941,2018-05-01
652,2018,5,molecule6,brand16,SKU51,327.0,5033.607735720017,2018-05-01
814,2018,6,molecule17,brand43,SKU107,16.0,1499.5062839543152,2018-06-01
811,2018,6,molecule16,brand37,SKU98,184496.0,667205.5496574068,2018-06-01
812,2018,6,molecule16,brand38,SKU99,1310.0,4497.328167666489,2018-06-01
813,2018,6,molecule16,brand39,SKU100,14385.0,171766.0282254705,2018-06-01
815,2018,6,molecule17,brand43,SKU104,94.0,10103.658712980025,2018-06-01
821,2018,6,molecule19,brand48,SKU113,151.0,16372.105185296105,2018-06-01
817,2018,6,molecule17,brand43,SKU105,94.0,10131.010272204914,2018-06-01
818,2018,6,molecule18,brand44,SKU108,25.0,336.58363455533197,2018-06-01
819,2018,6,molecule18,brand45,SKU109,88772.0,920942.4275992883,2018-06-01
820,2018,6,molecule18,brand46,SKU110,1800.0,17262.193452328258,2018-06-01
810,2018,6,molecule16,brand37,SKU97,60796.0,141299.81012708423,2018-06-01
816,2018,6,molecule17,brand43,SKU106,3.0,328.406510672884,2018-06-01
809,2018,6,molecule16,brand37,SKU96,88678.0,416493.8197732472,2018-06-01
802,2018,6,molecule16,brand35,SKU89,1232.0,24843.372985657457,2018-06-01
807,2018,6,molecule16,brand36,SKU94,316870.0,1116204.029300392,2018-06-01
806,2018,6,molecule16,brand36,SKU93,151635.0,301186.05337756424,2018-06-01
805,2018,6,molecule16,brand36,SKU92,1857.0,12620.726665261027,2018-06-01
804,2018,6,molecule16,brand36,SKU91,167170.0,741545.8673671784,2018-06-01
803,2018,6,molecule16,brand35,SKU90,682.0,5174.810075837666,2018-06-01
801,2018,6,molecule16,brand34,SKU88,939.0,7704.745649720316,2018-06-01
800,2018,6,molecule16,brand34,SKU87,1960.0,49411.823705197836,2018-06-01
799,2018,6,molecule16,brand33,SKU86,842.0,9500.912128836944,2018-06-01
798,2018,6,molecule16,brand33,SKU85,2375.0,18061.98516132959,2018-06-01
797,2018,6,molecule16,brand33,SKU84,2472.0,33856.23433495681,2018-06-01
852,2018,6,molecule28,brand71,SKU157,2143.0,56768.008590981684,2018-06-01
796,2018,6,molecule16,brand33,SKU83,1543.0,11205.470597634232,2018-06-01
808,2018,6,molecule16,brand36,SKU95,1524.0,8158.561514996901,2018-06-01
822,2018,6,molecule19,brand48,SKU114,210.0,23629.259573288997,2018-06-01
795,2018,6,molecule16,brand33,SKU82,839.0,21775.61425784394,2018-06-01
824,2018,6,molecule20,brand49,SKU116,60.0,5725.958983526318,2018-06-01
851,2018,6,molecule27,brand69,SKU152,27580.0,86924.6287877683,2018-06-01
850,2018,6,molecule27,brand69,SKU151,8416.0,48740.32519458903,2018-06-01
849,2018,6,molecule27,brand68,SKU150,22136.0,180909.5977440018,2018-06-01
848,2018,6,molecule27,brand68,SKU149,6239.0,93186.04939435504,2018-06-01
847,2018,6,molecule26,brand67,SKU148,91.0,8621.180879231439,2018-06-01
846,2018,6,molecule25,brand66,SKU146,132.0,1425.5475406229534,2018-06-01
845,2018,6,molecule25,brand65,SKU145,16537.0,21572.90100671455,2018-06-01
844,2018,6,molecule25,brand64,SKU144,49298.0,21704.041463151534,2018-06-01
843,2018,6,molecule24,brand61,SKU141,528.0,8250.629189863052,2018-06-01
842,2018,6,molecule24,brand60,SKU140,33791.0,710013.3288831305,2018-06-01
841,2018,6,molecule22,brand58,SKU137,16742.0,86840.72293250808,2018-06-01
840,2018,6,molecule22,brand58,SKU136,9287.0,70759.10109945221,2018-06-01
839,2018,6,molecule22,brand57,SKU135,21680.0,123446.46267799418,2018-06-01
838,2018,6,molecule22,brand57,SKU134,8291.0,60386.97913567357,2018-06-01
837,2018,6,molecule22,brand56,SKU133,135547.0,330657.5719800037,2018-06-01
836,2018,6,molecule22,brand56,SKU132,68141.0,77390.08675945965,2018-06-01
835,2018,6,molecule22,brand56,SKU131,243144.0,363387.12011524726,2018-06-01
834,2018,6,molecule22,brand56,SKU130,9462.0,44047.56481683309,2018-06-01
833,2018,6,molecule22,brand56,SKU129,11674.0,22026.97961342495,2018-06-01
832,2018,6,molecule22,brand55,SKU128,789.0,46798.83705031009,2018-06-01
831,2018,6,molecule22,brand54,SKU127,12092.0,33719.83527764594,2018-06-01
830,2018,6,molecule22,brand54,SKU126,5570.0,19973.734063694807,2018-06-01
829,2018,6,molecule22,brand51,SKU121,19512.0,177998.60796909974,2018-06-01
828,2018,6,molecule22,brand51,SKU120,20326.0,154840.12572651808,2018-06-01
827,2018,6,molecule22,brand51,SKU119,9462.0,98061.61492303458,2018-06-01
826,2018,6,molecule21,brand50,SKU117,339.0,32276.39136045402,2018-06-01
825,2018,6,molecule21,brand50,SKU118,314.0,30594.41800316553,2018-06-01
823,2018,6,molecule20,brand49,SKU115,107.0,9842.266606946469,2018-06-01
794,2018,6,molecule16,brand33,SKU81,1800.0,24787.15670546537,2018-06-01
790,2018,6,molecule13,brand30,SKU76,1788.0,38450.7759978884,2018-06-01
792,2018,6,molecule14,brand31,SKU79,167.0,23280.974220750762,2018-06-01
760,2018,6,molecule5,brand10,SKU26,17568.0,216184.11857662108,2018-06-01
759,2018,6,molecule5,brand10,SKU25,3889.0,106326.50678158487,2018-06-01
758,2018,6,molecule5,brand10,SKU24,12774.0,207173.94781891644,2018-06-01
757,2018,6,molecule5,brand9,SKU23,1379.0,3023.3914118222433,2018-06-01
756,2018,6,molecule5,brand9,SKU22,1319.0,2698.322479461911,2018-06-01
755,2018,6,molecule5,brand9,SKU21,493.0,1328.316735187204,2018-06-01
754,2018,6,molecule5,brand8,SKU20,28708.0,146724.38336740664,2018-06-01
753,2018,6,molecule5,brand8,SKU19,5193.0,43215.566351728405,2018-06-01
752,2018,6,molecule5,brand7,SKU18,43514.0,186620.95048041042,2018-06-01
751,2018,6,molecule5,brand7,SKU17,278355.0,627803.830638138,2018-06-01
750,2018,6,molecule5,brand7,SKU16,18457.0,75502.42838542702,2018-06-01
749,2018,6,molecule5,brand7,SKU15,161280.0,338575.6095193962,2018-06-01
761,2018,6,molecule5,brand10,SKU27,8064.0,153987.45345425326,2018-06-01
748,2018,6,molecule5,brand7,SKU31,4115.0,23531.050022253865,2018-06-01
746,2018,6,molecule5,brand6,SKU13,20056.0,92301.77008960568,2018-06-01
745,2018,6,molecule5,brand6,SKU12,64667.0,183307.82640236747,2018-06-01
744,2018,6,molecule5,brand6,SKU11,15834.0,82246.5400792802,2018-06-01
743,2018,6,molecule5,brand6,SKU10,35833.0,95251.08474155901,2018-06-01
742,2018,6,molecule5,brand6,SKU9,4546.0,26770.029066366533,2018-06-01
741,2018,6,molecule5,brand6,SKU8,13543.0,50269.62498257191,2018-06-01
740,2018,6,molecule4,brand5,SKU7,4772.0,88570.8218257095,2018-06-01
739,2018,6,molecule4,brand4,SKU6,763.0,4915.098915063887,2018-06-01
738,2018,6,molecule3,brand3,SKU5,16167.0,55157.97340635019,2018-06-01
737,2018,6,molecule3,brand3,SKU4,17313.0,77305.61721156306,2018-06-01
736,2018,6,molecule2,brand2,SKU3,21935.0,9659.895213931177,2018-06-01
735,2018,6,molecule2,brand2,SKU2,6594.0,4829.947555982301,2018-06-01
747,2018,6,molecule5,brand7,SKU14,77855.0,230161.14644101745,2018-06-01
762,2018,6,molecule5,brand11,SKU28,12428.0,109922.0597623612,2018-06-01
793,2018,6,molecule15,brand32,SKU80,19.0,10171.791461693085,2018-06-01
764,2018,6,molecule5,brand12,SKU30,2510.0,18924.820089148707,2018-06-01
763,2018,6,molecule5,brand12,SKU29,1191.0,12877.27750863074,2018-06-01
791,2018,6,molecule14,brand31,SKU78,148.0,9927.279298892638,2018-06-01
789,2018,6,molecule12,brand29,SKU75,1203.0,6689.729107776037,2018-06-01
788,2018,6,molecule12,brand29,SKU74,1392.0,5304.883111460579,2018-06-01
787,2018,6,molecule11,brand28,SKU73,18488.0,317497.56264557794,2018-06-01
786,2018,6,molecule10,brand27,SKU72,173.0,6402.598763353261,2018-06-01
785,2018,6,molecule10,brand27,SKU71,298.0,5921.53453574476,2018-06-01
784,2018,6,molecule9,brand25,SKU66,254450.0,3081109.4225321044,2018-06-01
782,2018,6,molecule9,brand24,SKU68,4203.0,89190.44399337727,2018-06-01
781,2018,6,molecule9,brand24,SKU64,17203.0,76796.13390506734,2018-06-01
780,2018,6,molecule9,brand23,SKU63,26876.0,115213.1450324865,2018-06-01
779,2018,6,molecule9,brand22,SKU62,36270.0,1121879.8941577745,2018-06-01
778,2018,6,molecule9,brand21,SKU61,5115.0,157612.8297506561,2018-06-01
783,2018,6,molecule9,brand25,SKU65,8768.0,35997.032286402304,2018-06-01
776,2018,6,molecule8,brand19,SKU58,79156.0,126345.55391163047,2018-06-01
777,2018,6,molecule8,brand20,SKU59,3537.0,22203.813345555096,2018-06-01
766,2018,6,molecule6,brand14,SKU45,9261.0,33653.800736761375,2018-06-01
767,2018,6,molecule6,brand14,SKU46,64054.0,150044.78018443254,2018-06-01
768,2018,6,molecule6,brand15,SKU47,59473.0,341586.21354373905,2018-06-01
770,2018,6,molecule6,brand15,SKU49,101982.0,460349.6638854086,2018-06-01
769,2018,6,molecule6,brand15,SKU48,9579.0,71859.90465978868,2018-06-01
772,2018,6,molecule6,brand16,SKU51,355.0,5475.809092667666,2018-06-01
765,2018,6,molecule6,brand14,SKU44,43244.0,119878.42733707398,2018-06-01
773,2018,6,molecule6,brand16,SKU52,760.0,5253.965354800595,2018-06-01
774,2018,6,molecule7,brand18,SKU56,220.0,24499.364503571913,2018-06-01
775,2018,6,molecule7,brand18,SKU57,434.0,48327.771848708,2018-06-01
771,2018,6,molecule6,brand16,SKU50,496.0,5317.043117680853,2018-06-01
931,2018,7,molecule16,brand39,SKU100,14197.0,170897.95247013692,2018-07-01
929,2018,7,molecule16,brand37,SKU98,187867.0,685905.0726870564,2018-07-01
930,2018,7,molecule16,brand38,SKU99,873.0,3073.2653740457604,2018-07-01
932,2018,7,molecule17,brand43,SKU107,41.0,4401.3463181762345,2018-07-01
938,2018,7,molecule19,brand48,SKU113,173.0,19342.251828892677,2018-07-01
934,2018,7,molecule17,brand43,SKU105,16.0,1487.4252125501723,2018-07-01
935,2018,7,molecule18,brand44,SKU108,19.0,248.03168472084332,2018-07-01
936,2018,7,molecule18,brand45,SKU109,84748.0,886212.84182419,2018-07-01
937,2018,7,molecule18,brand46,SKU110,1191.0,11502.515753303242,2018-07-01
928,2018,7,molecule16,brand37,SKU97,58757.0,137213.42190110456,2018-07-01
933,2018,7,molecule17,brand43,SKU106,44.0,4681.726875342949,2018-07-01
927,2018,7,molecule16,brand37,SKU96,80943.0,382564.7445436787,2018-07-01
913,2018,7,molecule16,brand33,SKU82,631.0,16524.93693802792,2018-07-01
925,2018,7,molecule16,brand36,SKU94,282175.0,1001139.671476282,2018-07-01
924,2018,7,molecule16,brand36,SKU93,141639.0,283666.03000673134,2018-07-01
923,2018,7,molecule16,brand36,SKU92,1627.0,11100.934015675677,2018-07-01
922,2018,7,molecule16,brand36,SKU91,156916.0,708016.6596665892,2018-07-01
921,2018,7,molecule16,brand35,SKU90,295.0,2199.991097639475,2018-07-01
920,2018,7,molecule16,brand35,SKU89,754.0,15335.962922402976,2018-07-01
919,2018,7,molecule16,brand34,SKU88,468.0,4103.88883466054,2018-07-01
918,2018,7,molecule16,brand34,SKU87,1580.0,40405.819157816484,2018-07-01
917,2018,7,molecule16,brand33,SKU86,625.0,6976.949857613128,2018-07-01
916,2018,7,molecule16,brand33,SKU85,1825.0,14758.8324060188,2018-07-01
915,2018,7,molecule16,brand33,SKU84,2268.0,31303.720467998315,2018-07-01
914,2018,7,molecule16,brand33,SKU83,2683.0,19687.438494748912,2018-07-01
939,2018,7,molecule19,brand48,SKU114,148.0,16519.44145883012,2018-07-01
926,2018,7,molecule16,brand36,SKU95,1269.0,6876.007952925113,2018-07-01
940,2018,7,molecule20,brand49,SKU115,101.0,9639.127156521054,2018-07-01
954,2018,7,molecule22,brand56,SKU132,74063.0,84689.46765228026,2018-07-01
942,2018,7,molecule21,brand50,SKU118,88.0,8556.363397596791,2018-07-01
970,2018,7,molecule28,brand71,SKU157,2073.0,55632.71198598565,2018-07-01
912,2018,7,molecule16,brand33,SKU81,1181.0,15838.239224424908,2018-07-01
968,2018,7,molecule27,brand69,SKU151,6868.0,40164.713285840226,2018-07-01
967,2018,7,molecule27,brand68,SKU150,16245.0,133326.6742659766,2018-07-01
966,2018,7,molecule27,brand68,SKU149,5011.0,74969.79147236928,2018-07-01
965,2018,7,molecule26,brand67,SKU148,214.0,20390.881619265456,2018-07-01
964,2018,7,molecule25,brand66,SKU146,85.0,933.4886280264138,2018-07-01
963,2018,7,molecule25,brand65,SKU145,15604.0,20679.519666308788,2018-07-01
962,2018,7,molecule25,brand64,SKU144,52619.0,23453.141543232927,2018-07-01
961,2018,7,molecule24,brand61,SKU141,4084.0,63295.71055078802,2018-07-01
960,2018,7,molecule24,brand60,SKU140,31058.0,649334.4997729281,2018-07-01
959,2018,7,molecule22,brand58,SKU137,9792.0,50728.18442587932,2018-07-01
958,2018,7,molecule22,brand58,SKU136,4244.0,32387.115935170124,2018-07-01
957,2018,7,molecule22,brand57,SKU135,20156.0,112995.54384436145,2018-07-01
956,2018,7,molecule22,brand57,SKU134,6217.0,45550.631722944614,2018-07-01
955,2018,7,molecule22,brand56,SKU133,23549.0,55662.25947183339,2018-07-01
953,2018,7,molecule22,brand56,SKU131,280208.0,344556.47755710466,2018-07-01
952,2018,7,molecule22,brand56,SKU130,2011.0,9504.305705475019,2018-07-01
951,2018,7,molecule22,brand56,SKU129,34545.0,68206.89684133713,2018-07-01
950,2018,7,molecule22,brand55,SKU128,795.0,47801.17568846708,2018-07-01
949,2018,7,molecule22,brand54,SKU127,12026.0,33646.12552774799,2018-07-01
948,2018,7,molecule22,brand54,SKU126,5539.0,20225.35692161994,2018-07-01
947,2018,7,molecule22,brand53,SKU125,9.0,112.62914850459664,2018-07-01
946,2018,7,molecule22,brand51,SKU121,19729.0,183316.20435658784,2018-07-01
945,2018,7,molecule22,brand51,SKU120,16182.0,122890.24120278492,2018-07-01
944,2018,7,molecule22,brand51,SKU119,7998.0,83146.93970661038,2018-07-01
943,2018,7,molecule21,brand50,SKU117,223.0,21083.21146150997,2018-07-01
941,2018,7,molecule20,brand49,SKU116,57.0,5505.80711521586,2018-07-01
969,2018,7,molecule27,brand69,SKU152,29911.0,98572.33117677641,2018-07-01
911,2018,7,molecule15,brand32,SKU80,9.0,5006.207759699622,2018-07-01
909,2018,7,molecule14,brand31,SKU78,57.0,3898.8047559449337,2018-07-01
878,2018,7,molecule5,brand10,SKU26,11153.0,135775.70018355874,2018-07-01
877,2018,7,molecule5,brand10,SKU25,2941.0,83403.85478550961,2018-07-01
876,2018,7,molecule5,brand10,SKU24,9799.0,160106.27694215262,2018-07-01
875,2018,7,molecule5,brand9,SKU23,1169.0,2686.9586812028165,2018-07-01
874,2018,7,molecule5,brand9,SKU22,1078.0,2258.2871076530437,2018-07-01
873,2018,7,molecule5,brand9,SKU21,396.0,1087.3683483664925,2018-07-01
872,2018,7,molecule5,brand8,SKU20,29481.0,151805.6931592961,2018-07-01
871,2018,7,molecule5,brand8,SKU19,4053.0,33478.1342542252,2018-07-01
870,2018,7,molecule5,brand7,SKU18,52160.0,228744.46971779858,2018-07-01
869,2018,7,molecule5,brand7,SKU17,256121.0,580962.8982943823,2018-07-01
868,2018,7,molecule5,brand7,SKU16,30898.0,127798.77859356317,2018-07-01
866,2018,7,molecule5,brand7,SKU31,6912.0,39717.4939345028,2018-07-01
879,2018,7,molecule5,brand10,SKU27,1329.0,26032.904367497766,2018-07-01
865,2018,7,molecule5,brand7,SKU14,76407.0,227701.77716890967,2018-07-01
863,2018,7,molecule5,brand6,SKU12,63168.0,180162.6196304137,2018-07-01
862,2018,7,molecule5,brand6,SKU11,15805.0,82335.8026443808,2018-07-01
861,2018,7,molecule5,brand6,SKU10,35308.0,94379.59401126177,2018-07-01
860,2018,7,molecule5,brand6,SKU9,4895.0,28921.653293598964,2018-07-01
859,2018,7,molecule5,brand6,SKU8,11457.0,42868.8237613162,2018-07-01
858,2018,7,molecule4,brand5,SKU7,3745.0,70424.80814981059,2018-07-01
857,2018,7,molecule4,brand4,SKU6,745.0,4576.521520334877,2018-07-01
856,2018,7,molecule3,brand3,SKU5,15158.0,52492.8083526599,2018-07-01
855,2018,7,molecule3,brand3,SKU4,14659.0,65983.53239501732,2018-07-01
854,2018,7,molecule2,brand2,SKU3,23022.0,10279.178494203621,2018-07-01
853,2018,7,molecule2,brand2,SKU2,6874.0,5100.732014352871,2018-07-01
910,2018,7,molecule14,brand31,SKU79,91.0,12093.728944771914,2018-07-01
864,2018,7,molecule5,brand6,SKU13,18297.0,85319.01087890183,2018-07-01
880,2018,7,molecule5,brand11,SKU28,5627.0,49529.120531736684,2018-07-01
867,2018,7,molecule5,brand7,SKU15,141617.0,299576.3431336097,2018-07-01
882,2018,7,molecule5,brand12,SKU30,1492.0,11275.768251148811,2018-07-01
881,2018,7,molecule5,brand12,SKU29,1558.0,17333.80874661179,2018-07-01
907,2018,7,molecule12,brand29,SKU75,1078.0,6058.783208074128,2018-07-01
906,2018,7,molecule12,brand29,SKU74,898.0,3429.8284122333994,2018-07-01
905,2018,7,molecule11,brand28,SKU73,18086.0,278455.82069929293,2018-07-01
904,2018,7,molecule10,brand27,SKU72,179.0,6885.153363210365,2018-07-01
903,2018,7,molecule10,brand27,SKU71,116.0,2340.5570476609237,2018-07-01
902,2018,7,molecule9,brand25,SKU66,253973.0,3102279.9747953378,2018-07-01
901,2018,7,molecule9,brand25,SKU65,8134.0,33701.02869096615,2018-07-01
900,2018,7,molecule9,brand24,SKU68,4628.0,99097.1395965346,2018-07-01
899,2018,7,molecule9,brand24,SKU64,18228.0,82187.90589884826,2018-07-01
898,2018,7,molecule9,brand23,SKU63,24171.0,104436.71769459514,2018-07-01
897,2018,7,molecule9,brand22,SKU62,31821.0,988002.726306057,2018-07-01
896,2018,7,molecule9,brand21,SKU61,5096.0,159466.2184597534,2018-07-01
908,2018,7,molecule13,brand30,SKU76,8614.0,179881.8613227295,2018-07-01
894,2018,7,molecule8,brand19,SKU58,76363.0,122987.15166016057,2018-07-01
895,2018,7,molecule8,brand20,SKU59,3148.0,20414.58070282122,2018-07-01
884,2018,7,molecule6,brand14,SKU45,9623.0,35200.29136626799,2018-07-01
885,2018,7,molecule6,brand14,SKU46,77908.0,184834.90373272245,2018-07-01
886,2018,7,molecule6,brand15,SKU47,55603.0,321483.4599949612,2018-07-01
887,2018,7,molecule6,brand15,SKU48,10336.0,78039.1854156864,2018-07-01
888,2018,7,molecule6,brand15,SKU49,63353.0,285971.68862345483,2018-07-01
883,2018,7,molecule6,brand14,SKU44,43385.0,121567.3087650355,2018-07-01
890,2018,7,molecule6,brand16,SKU51,393.0,6237.561398644859,2018-07-01
891,2018,7,molecule6,brand16,SKU52,776.0,5302.7084050511985,2018-07-01
892,2018,7,molecule7,brand18,SKU56,145.0,16543.726397126833,2018-07-01
893,2018,7,molecule7,brand18,SKU57,396.0,44478.84970745448,2018-07-01
889,2018,7,molecule6,brand16,SKU50,641.0,6901.240309895483,2018-07-01
1047,2018,8,molecule16,brand38,SKU99,939.0,3273.1506082477513,2018-08-01
1048,2018,8,molecule16,brand39,SKU100,14216.0,161828.83853792102,2018-08-01
1049,2018,8,molecule17,brand43,SKU107,3.0,307.7420547246774,2018-08-01
1057,2018,8,molecule19,brand48,SKU114,154.0,17438.28547149652,2018-08-01
1050,2018,8,molecule17,brand43,SKU104,3.0,262.49095003399015,2018-08-01
1053,2018,8,molecule18,brand44,SKU108,25.0,315.49116247450706,2018-08-01
1052,2018,8,molecule17,brand43,SKU105,3.0,329.0895224337184,2018-08-01
1054,2018,8,molecule18,brand45,SKU109,95105.0,1015574.5821981869,2018-08-01
1055,2018,8,molecule18,brand46,SKU110,85.0,814.4345934990055,2018-08-01
1056,2018,8,molecule19,brand48,SKU113,138.0,15100.596670091496,2018-08-01
1046,2018,8,molecule16,brand37,SKU98,191028.0,685590.4813398981,2018-08-01
1051,2018,8,molecule17,brand43,SKU106,28.0,3028.981267467334,2018-08-01
1045,2018,8,molecule16,brand37,SKU97,66385.0,151975.9945712991,2018-08-01
1039,2018,8,molecule16,brand36,SKU91,177805.0,806268.7791767084,2018-08-01
1043,2018,8,molecule16,brand36,SKU95,889.0,4745.794913828723,2018-08-01
1042,2018,8,molecule16,brand36,SKU94,341997.0,1203137.5146074921,2018-08-01
1041,2018,8,molecule16,brand36,SKU93,158600.0,312994.49776873644,2018-08-01
1040,2018,8,molecule16,brand36,SKU92,1128.0,7415.772859309696,2018-08-01
1038,2018,8,molecule16,brand35,SKU90,496.0,3473.638444526674,2018-08-01
1037,2018,8,molecule16,brand35,SKU89,1030.0,20098.076788956376,2018-08-01
1035,2018,8,molecule16,brand34,SKU87,1332.0,32754.765116545706,2018-08-01
1034,2018,8,molecule16,brand33,SKU86,239.0,2456.6607783373265,2018-08-01
1033,2018,8,molecule16,brand33,SKU85,1062.0,7964.801888784747,2018-08-01
1032,2018,8,molecule16,brand33,SKU84,666.0,8809.126011297014,2018-08-01
1031,2018,8,molecule16,brand33,SKU83,1332.0,9737.883590212668,2018-08-01
1058,2018,8,molecule20,brand49,SKU115,72.0,6698.869609552806,2018-08-01
1044,2018,8,molecule16,brand37,SKU96,90330.0,420673.77759501274,2018-08-01
1059,2018,8,molecule20,brand49,SKU116,66.0,6173.046809750408,2018-08-01
1030,2018,8,molecule16,brand33,SKU82,248.0,6170.31686444251,2018-08-01
1061,2018,8,molecule21,brand50,SKU117,330.0,31191.1406963193,2018-08-01
1087,2018,8,molecule28,brand71,SKU157,1656.0,43330.87058591333,2018-08-01
1086,2018,8,molecule27,brand69,SKU152,25060.0,82481.03440235685,2018-08-01
1085,2018,8,molecule27,brand69,SKU151,6578.0,38103.75312999752,2018-08-01
1084,2018,8,molecule27,brand68,SKU150,22887.0,178489.2570522728,2018-08-01
1083,2018,8,molecule27,brand68,SKU149,4213.0,61466.09704295477,2018-08-01
1082,2018,8,molecule26,brand67,SKU148,292.0,26613.227420085794,2018-08-01
1081,2018,8,molecule25,brand66,SKU146,47.0,506.3556395875823,2018-08-01
1080,2018,8,molecule25,brand65,SKU145,16635.0,21777.716050079627,2018-08-01
1079,2018,8,molecule25,brand64,SKU144,48283.0,21149.846693128446,2018-08-01
1078,2018,8,molecule24,brand61,SKU141,4150.0,63665.61609550986,2018-08-01
1077,2018,8,molecule24,brand60,SKU140,30539.0,609916.4534428683,2018-08-01
1076,2018,8,molecule22,brand58,SKU137,10531.0,54381.99280187903,2018-08-01
1060,2018,8,molecule21,brand50,SKU118,63.0,6551.444574269208,2018-08-01
1075,2018,8,molecule22,brand58,SKU136,4379.0,33681.92499389804,2018-08-01
1073,2018,8,molecule22,brand57,SKU134,6403.0,45964.740082050834,2018-08-01
1072,2018,8,molecule22,brand56,SKU133,86714.0,195226.10203350722,2018-08-01
1071,2018,8,molecule22,brand56,SKU132,89532.0,101406.70026472249,2018-08-01
1070,2018,8,molecule22,brand56,SKU131,214841.0,270206.8699405777,2018-08-01
1069,2018,8,molecule22,brand56,SKU130,6189.0,29115.604074134644,2018-08-01
1068,2018,8,molecule22,brand56,SKU129,16905.0,32073.396668980073,2018-08-01
1067,2018,8,molecule22,brand55,SKU128,826.0,47480.6942465615,2018-08-01
1066,2018,8,molecule22,brand54,SKU127,6629.0,18105.829607925403,2018-08-01
1065,2018,8,molecule22,brand54,SKU126,5102.0,18027.59229985799,2018-08-01
1064,2018,8,molecule22,brand51,SKU121,15695.0,138027.12120414362,2018-08-01
1063,2018,8,molecule22,brand51,SKU120,19468.0,143207.22870222255,2018-08-01
1062,2018,8,molecule22,brand51,SKU119,8715.0,87880.31235433996,2018-08-01
1074,2018,8,molecule22,brand57,SKU135,17345.0,96368.45848489823,2018-08-01
1029,2018,8,molecule16,brand33,SKU81,898.0,11932.585946005005,2018-08-01
1036,2018,8,molecule16,brand34,SKU88,1034.0,8305.553231523745,2018-08-01
1027,2018,8,molecule14,brand31,SKU79,126.0,17180.28656951054,2018-08-01
997,2018,8,molecule5,brand10,SKU27,78521.0,1370299.6795144638,2018-08-01
996,2018,8,molecule5,brand10,SKU26,1002.0,12774.219337707724,2018-08-01
995,2018,8,molecule5,brand10,SKU25,21391.0,557649.7342943652,2018-08-01
994,2018,8,molecule5,brand10,SKU24,20307.0,324389.8531927047,2018-08-01
993,2018,8,molecule5,brand9,SKU23,1294.0,2919.031004971521,2018-08-01
992,2018,8,molecule5,brand9,SKU22,1269.0,2637.5052347657074,2018-08-01
991,2018,8,molecule5,brand9,SKU21,443.0,1186.538547557748,2018-08-01
990,2018,8,molecule5,brand8,SKU20,28318.0,137538.531702517,2018-08-01
989,2018,8,molecule5,brand8,SKU19,3767.0,29005.164505183297,2018-08-01
988,2018,8,molecule5,brand7,SKU18,65747.0,285870.9813218847,2018-08-01
987,2018,8,molecule5,brand7,SKU17,271807.0,614731.9937057231,2018-08-01
986,2018,8,molecule5,brand7,SKU16,31545.0,128399.11492431517,2018-08-01
998,2018,8,molecule5,brand11,SKU28,70909.0,574963.599254389,2018-08-01
985,2018,8,molecule5,brand7,SKU15,142760.0,298772.52106509294,2018-08-01
983,2018,8,molecule5,brand7,SKU14,74833.0,221515.72680483293,2018-08-01
982,2018,8,molecule5,brand6,SKU13,19267.0,87937.29219906227,2018-08-01
981,2018,8,molecule5,brand6,SKU12,64802.0,181141.95103720602,2018-08-01
980,2018,8,molecule5,brand6,SKU11,18190.0,92532.44279912509,2018-08-01
979,2018,8,molecule5,brand6,SKU10,36006.0,94553.3974040163,2018-08-01
978,2018,8,molecule5,brand6,SKU9,5124.0,29800.39482060904,2018-08-01
977,2018,8,molecule5,brand6,SKU8,13028.0,47948.333278977545,2018-08-01
976,2018,8,molecule4,brand5,SKU7,4389.0,78184.35522964987,2018-08-01
975,2018,8,molecule4,brand4,SKU6,713.0,4341.871266287725,2018-08-01
974,2018,8,molecule3,brand3,SKU5,17562.0,60094.76899105727,2018-08-01
973,2018,8,molecule3,brand3,SKU4,16654.0,73806.6452070566,2018-08-01
972,2018,8,molecule2,brand2,SKU3,22764.0,9969.65840336581,2018-08-01
984,2018,8,molecule5,brand7,SKU31,10050.0,56663.09350195791,2018-08-01
999,2018,8,molecule5,brand12,SKU29,1074.0,11691.354861384441,2018-08-01
971,2018,8,molecule2,brand2,SKU2,7731.0,5638.048441340931,2018-08-01
1001,2018,8,molecule6,brand14,SKU44,43718.0,120629.88077647665,2018-08-01
1026,2018,8,molecule14,brand31,SKU78,82.0,5649.481292161269,2018-08-01
1025,2018,8,molecule13,brand30,SKU76,4191.0,85015.53639774899,2018-08-01
1024,2018,8,molecule12,brand29,SKU75,996.0,5489.984713933091,2018-08-01
1023,2018,8,molecule12,brand29,SKU74,974.0,3694.4067125720926,2018-08-01
1022,2018,8,molecule11,brand28,SKU73,20980.0,304067.75355854095,2018-08-01
1028,2018,8,molecule15,brand32,SKU80,16.0,8253.801495581232,2018-08-01
1021,2018,8,molecule10,brand27,SKU72,229.0,8454.132232290029,2018-08-01
1000,2018,8,molecule5,brand12,SKU30,185.0,1311.1198747825192,2018-08-01
1019,2018,8,molecule9,brand25,SKU66,278018.0,3344568.0222703856,2018-08-01
1018,2018,8,molecule9,brand25,SKU65,8718.0,35631.18535873739,2018-08-01
1017,2018,8,molecule9,brand24,SKU64,18897.0,83821.98649973892,2018-08-01
1016,2018,8,molecule9,brand23,SKU63,28736.0,122107.67692609245,2018-08-01
1015,2018,8,molecule9,brand22,SKU62,38852.0,1186580.5344023877,2018-08-01
1020,2018,8,molecule10,brand27,SKU71,94.0,1961.6365397688635,2018-08-01
1013,2018,8,molecule8,brand20,SKU59,2997.0,18820.616172896116,2018-08-01
1014,2018,8,molecule9,brand21,SKU61,5093.0,154297.45225936023,2018-08-01
1002,2018,8,molecule6,brand14,SKU45,8708.0,31347.87287173225,2018-08-01
1003,2018,8,molecule6,brand14,SKU46,85181.0,199176.56275692166,2018-08-01
1004,2018,8,molecule6,brand15,SKU47,64833.0,369377.4082503599,2018-08-01
1006,2018,8,molecule6,brand15,SKU49,128347.0,588757.4485588103,2018-08-01
1005,2018,8,molecule6,brand15,SKU48,10462.0,77609.0120657027,2018-08-01
1008,2018,8,molecule6,brand16,SKU51,264.0,4153.663215014085,2018-08-01
1009,2018,8,molecule6,brand16,SKU52,741.0,5099.869169768054,2018-08-01
1010,2018,8,molecule7,brand18,SKU56,192.0,20818.692893202988,2018-08-01
1011,2018,8,molecule7,brand18,SKU57,188.0,20512.003356560195,2018-08-01
1012,2018,8,molecule8,brand19,SKU58,81006.0,128411.93070974847,2018-08-01
1007,2018,8,molecule6,brand16,SKU50,500.0,5314.598751972092,2018-08-01
1167,2018,9,molecule17,brand43,SKU104,3.0,364.8038905775078,2018-09-01
1164,2018,9,molecule16,brand38,SKU99,939.0,3188.0086163605088,2018-09-01
1165,2018,9,molecule16,brand39,SKU100,13930.0,154921.00987981353,2018-09-01
1166,2018,9,molecule17,brand43,SKU107,13.0,1277.239199594732,2018-09-01
1168,2018,9,molecule17,brand43,SKU106,47.0,5025.183111111108,2018-09-01
1174,2018,9,molecule19,brand48,SKU114,88.0,9912.987801418481,2018-09-01
1170,2018,9,molecule18,brand44,SKU108,28.0,328.63394799054356,2018-09-01
1171,2018,9,molecule18,brand45,SKU109,82979.0,851253.7685650546,2018-09-01
1172,2018,9,molecule18,brand46,SKU110,60.0,546.3873300271961,2018-09-01
1173,2018,9,molecule19,brand48,SKU113,47.0,5100.065142857147,2018-09-01
1169,2018,9,molecule17,brand43,SKU105,3.0,301.64194528875413,2018-09-01
1163,2018,9,molecule16,brand37,SKU98,198929.0,681916.1229113763,2018-09-01
1149,2018,9,molecule16,brand33,SKU84,449.0,5906.139911152681,2018-09-01
1161,2018,9,molecule16,brand37,SKU96,90289.0,400155.4595065134,2018-09-01
1160,2018,9,molecule16,brand36,SKU95,741.0,3897.3879449796514,2018-09-01
1159,2018,9,molecule16,brand36,SKU94,255518.0,859373.0206929734,2018-09-01
1158,2018,9,molecule16,brand36,SKU93,107128.0,201527.3067400764,2018-09-01
1157,2018,9,molecule16,brand36,SKU92,870.0,5533.837068899297,2018-09-01
1156,2018,9,molecule16,brand36,SKU91,136870.0,597165.5183449717,2018-09-01
1155,2018,9,molecule16,brand35,SKU90,713.0,5146.679924837873,2018-09-01
1154,2018,9,molecule16,brand35,SKU89,1213.0,23168.042105926266,2018-09-01
1153,2018,9,molecule16,brand34,SKU88,525.0,4265.151229455985,2018-09-01
1152,2018,9,molecule16,brand34,SKU87,2064.0,49544.19159021622,2018-09-01
1151,2018,9,molecule16,brand33,SKU86,91.0,864.5436830520933,2018-09-01
1150,2018,9,molecule16,brand33,SKU85,402.0,2848.4483605623086,2018-09-01
1175,2018,9,molecule20,brand49,SKU115,72.0,6630.762246597063,2018-09-01
1162,2018,9,molecule16,brand37,SKU97,77911.0,170860.0640962318,2018-09-01
1176,2018,9,molecule20,brand49,SKU116,38.0,3348.5367713610285,2018-09-01
1190,2018,9,molecule22,brand57,SKU134,5586.0,38413.144479812356,2018-09-01
1178,2018,9,molecule21,brand50,SKU117,248.0,21581.203951111314,2018-09-01
1148,2018,9,molecule16,brand33,SKU83,559.0,3844.040057602768,2018-09-01
1204,2018,9,molecule28,brand71,SKU157,1690.0,41957.44743750543,2018-09-01
1203,2018,9,molecule27,brand69,SKU152,25139.0,78328.66522176952,2018-09-01
1202,2018,9,molecule27,brand69,SKU151,7735.0,42974.03792511426,2018-09-01
1201,2018,9,molecule27,brand68,SKU150,17898.0,132884.65449183792,2018-09-01
1200,2018,9,molecule27,brand68,SKU149,4527.0,62888.600561329185,2018-09-01
1199,2018,9,molecule26,brand67,SKU148,311.0,27640.90416300803,2018-09-01
1198,2018,9,molecule25,brand66,SKU146,53.0,544.8677966505751,2018-09-01
1197,2018,9,molecule25,brand65,SKU145,14524.0,18262.247154536155,2018-09-01
1196,2018,9,molecule25,brand64,SKU144,47479.0,19762.942807088286,2018-09-01
1195,2018,9,molecule24,brand61,SKU141,2928.0,42893.02065669147,2018-09-01
1194,2018,9,molecule24,brand60,SKU140,26204.0,502357.19135697046,2018-09-01
1177,2018,9,molecule21,brand50,SKU118,60.0,5485.133642617177,2018-09-01
1193,2018,9,molecule22,brand58,SKU137,9397.0,46164.23845012921,2018-09-01
1191,2018,9,molecule22,brand57,SKU135,15548.0,84922.3369994122,2018-09-01
1189,2018,9,molecule22,brand56,SKU133,66900.0,142335.90114379628,2018-09-01
1188,2018,9,molecule22,brand56,SKU132,71575.0,77011.08886338356,2018-09-01
1187,2018,9,molecule22,brand56,SKU131,209353.0,250419.63705720034,2018-09-01
1186,2018,9,molecule22,brand56,SKU130,6578.0,29288.63664676131,2018-09-01
1185,2018,9,molecule22,brand56,SKU129,14599.0,26317.16407517655,2018-09-01
1184,2018,9,molecule22,brand55,SKU128,465.0,25840.166125852316,2018-09-01
1183,2018,9,molecule22,brand54,SKU127,3431.0,9184.308648177237,2018-09-01
1182,2018,9,molecule22,brand54,SKU126,5793.0,19655.504228154718,2018-09-01
1181,2018,9,molecule22,brand51,SKU121,17386.0,149174.27976454276,2018-09-01
1180,2018,9,molecule22,brand51,SKU120,19318.0,140419.49028105286,2018-09-01
1179,2018,9,molecule22,brand51,SKU119,8149.0,80278.76409274308,2018-09-01
1192,2018,9,molecule22,brand58,SKU136,4844.0,35290.67572113213,2018-09-01
1147,2018,9,molecule16,brand33,SKU82,66.0,1567.5684932696483,2018-09-01
1146,2018,9,molecule16,brand33,SKU81,185.0,2293.7453402709793,2018-09-01
1145,2018,9,molecule14,brand31,SKU79,79.0,10536.230032016174,2018-09-01
1114,2018,9,molecule5,brand10,SKU27,24800.0,431328.45359678357,2018-09-01
1113,2018,9,molecule5,brand10,SKU26,23851.0,287995.501283178,2018-09-01
1112,2018,9,molecule5,brand10,SKU25,4760.0,117715.59502843917,2018-09-01
1111,2018,9,molecule5,brand10,SKU24,3044.0,45549.84191944193,2018-09-01
1110,2018,9,molecule5,brand9,SKU23,949.0,2043.0818683950984,2018-09-01
1109,2018,9,molecule5,brand9,SKU22,613.0,1213.9110342140139,2018-09-01
1108,2018,9,molecule5,brand9,SKU21,239.0,613.221135285021,2018-09-01
1107,2018,9,molecule5,brand8,SKU20,22233.0,105939.22901382204,2018-09-01
1106,2018,9,molecule5,brand8,SKU19,3654.0,26387.50296847846,2018-09-01
1105,2018,9,molecule5,brand7,SKU18,62367.0,260006.59156453167,2018-09-01
1104,2018,9,molecule5,brand7,SKU17,247630.0,546262.8135420335,2018-09-01
1102,2018,9,molecule5,brand7,SKU15,139097.0,278240.4883891698,2018-09-01
1115,2018,9,molecule5,brand11,SKU28,18903.0,151944.44187775935,2018-09-01
1101,2018,9,molecule5,brand7,SKU31,7534.0,40666.44515458252,2018-09-01
1099,2018,9,molecule5,brand6,SKU13,19022.0,82827.4215982805,2018-09-01
1098,2018,9,molecule5,brand6,SKU12,59602.0,159033.11552323564,2018-09-01
1097,2018,9,molecule5,brand6,SKU11,15142.0,73780.11194171534,2018-09-01
1096,2018,9,molecule5,brand6,SKU10,32057.0,80313.15970127532,2018-09-01
1095,2018,9,molecule5,brand6,SKU9,4185.0,23301.612084120556,2018-09-01
1094,2018,9,molecule5,brand6,SKU8,11435.0,40053.75365509869,2018-09-01
1093,2018,9,molecule4,brand5,SKU7,3079.0,53476.22606777912,2018-09-01
1092,2018,9,molecule4,brand4,SKU6,412.0,2427.282719320631,2018-09-01
1091,2018,9,molecule3,brand3,SKU5,14169.0,46103.39730951141,2018-09-01
1090,2018,9,molecule3,brand3,SKU4,13389.0,56990.2558348536,2018-09-01
1089,2018,9,molecule2,brand2,SKU3,20841.0,8679.196830732,2018-09-01
1088,2018,9,molecule2,brand2,SKU2,5991.0,4137.429876363361,2018-09-01
1100,2018,9,molecule5,brand7,SKU14,66460.0,189602.45990709317,2018-09-01
1116,2018,9,molecule5,brand12,SKU29,619.0,6654.607031511167,2018-09-01
1103,2018,9,molecule5,brand7,SKU16,27520.0,106522.73765342103,2018-09-01
1118,2018,9,molecule6,brand14,SKU44,43043.0,113385.16996835693,2018-09-01
1117,2018,9,molecule5,brand12,SKU30,66.0,456.4567260095523,2018-09-01
1143,2018,9,molecule13,brand30,SKU76,4508.0,89042.66491748813,2018-09-01
1142,2018,9,molecule12,brand29,SKU75,751.0,3920.315573077625,2018-09-01
1141,2018,9,molecule12,brand29,SKU74,883.0,3209.5892870663843,2018-09-01
1140,2018,9,molecule11,brand28,SKU73,19720.0,277628.36407831026,2018-09-01
1139,2018,9,molecule10,brand27,SKU72,192.0,7025.923125217993,2018-09-01
1138,2018,9,molecule10,brand27,SKU71,75.0,1416.537867274574,2018-09-01
1137,2018,9,molecule9,brand25,SKU66,257095.0,2949672.284443044,2018-09-01
1136,2018,9,molecule9,brand25,SKU65,9016.0,35110.259346133906,2018-09-01
1135,2018,9,molecule9,brand24,SKU68,418.0,8428.709544072952,2018-09-01
1134,2018,9,molecule9,brand24,SKU64,17917.0,75736.15171034427,2018-09-01
1133,2018,9,molecule9,brand23,SKU63,26798.0,108659.07402619047,2018-09-01
1132,2018,9,molecule9,brand22,SKU62,35758.0,1041816.4636580279,2018-09-01
1144,2018,9,molecule14,brand31,SKU78,41.0,2830.5815883407395,2018-09-01
1130,2018,9,molecule8,brand20,SKU59,2912.0,17900.34502207226,2018-09-01
1131,2018,9,molecule9,brand21,SKU61,4546.0,131470.02015649172,2018-09-01
1120,2018,9,molecule6,brand14,SKU46,72159.0,160944.33714321218,2018-09-01
1121,2018,9,molecule6,brand15,SKU47,54324.0,297510.5859608642,2018-09-01
1122,2018,9,molecule6,brand15,SKU48,9020.0,64724.92308982286,2018-09-01
1123,2018,9,molecule6,brand15,SKU49,99620.0,435323.9273705697,2018-09-01
1124,2018,9,molecule6,brand16,SKU50,380.0,3900.8351813241584,2018-09-01
1119,2018,9,molecule6,brand14,SKU45,8696.0,29833.75574468082,2018-09-01
1126,2018,9,molecule6,brand16,SKU52,704.0,4591.0765436387355,2018-09-01
1127,2018,9,molecule7,brand18,SKU56,242.0,24948.445922709485,2018-09-01
1128,2018,9,molecule7,brand18,SKU57,346.0,35976.261863129796,2018-09-01
1129,2018,9,molecule8,brand19,SKU58,76218.0,115161.79062936794,2018-09-01
1125,2018,9,molecule6,brand16,SKU51,308.0,4632.117608915908,2018-09-01
1282,2018,10,molecule16,brand37,SKU98,343326.0,1195180.8213797242,2018-10-01
1283,2018,10,molecule16,brand38,SKU99,858.0,2875.743504232997,2018-10-01
1284,2018,10,molecule16,brand39,SKU100,9321.0,106297.96708156346,2018-10-01
1292,2018,10,molecule19,brand48,SKU113,75.0,8110.119230454195,2018-10-01
1285,2018,10,molecule17,brand43,SKU107,50.0,5349.737503583566,2018-10-01
1288,2018,10,molecule17,brand43,SKU105,13.0,1332.2168878240539,2018-10-01
1287,2018,10,molecule17,brand43,SKU106,97.0,10469.798705819729,2018-10-01
1289,2018,10,molecule18,brand44,SKU108,3.0,33.03010197813002,2018-10-01
1290,2018,10,molecule18,brand45,SKU109,93227.0,985272.978017647,2018-10-01
1291,2018,10,molecule18,brand46,SKU110,53.0,502.63181630927363,2018-10-01
1281,2018,10,molecule16,brand37,SKU97,119751.0,268669.93948987627,2018-10-01
1286,2018,10,molecule17,brand43,SKU104,3.0,103.98488757832645,2018-10-01
1280,2018,10,molecule16,brand37,SKU96,184132.0,833882.1996335844,2018-10-01
1274,2018,10,molecule16,brand35,SKU90,1156.0,7929.716643429117,2018-10-01
1278,2018,10,molecule16,brand36,SKU94,157554.0,536200.7472800807,2018-10-01
1277,2018,10,molecule16,brand36,SKU93,103380.0,195332.92841509994,2018-10-01
1276,2018,10,molecule16,brand36,SKU92,324.0,2123.6413385390006,2018-10-01
1275,2018,10,molecule16,brand36,SKU91,73224.0,328236.79077031923,2018-10-01
1273,2018,10,molecule16,brand35,SKU89,2507.0,49396.817204373925,2018-10-01
1272,2018,10,molecule16,brand34,SKU88,735.0,5952.668876665373,2018-10-01
1271,2018,10,molecule16,brand34,SKU87,3493.0,86039.6272109849,2018-10-01
1270,2018,10,molecule16,brand33,SKU86,3.0,16.315272146455367,2018-10-01
1269,2018,10,molecule16,brand33,SKU85,101.0,728.4977116353361,2018-10-01
1268,2018,10,molecule16,brand33,SKU84,94.0,1168.9711212133648,2018-10-01
1267,2018,10,molecule16,brand33,SKU83,349.0,2539.753029845175,2018-10-01
1293,2018,10,molecule19,brand48,SKU114,119.0,13226.926067472374,2018-10-01
1279,2018,10,molecule16,brand36,SKU95,327.0,1763.5333260086759,2018-10-01
1294,2018,10,molecule20,brand49,SKU115,66.0,5914.072104330117,2018-10-01
1323,2018,10,molecule28,brand71,SKU157,1819.0,46027.20417836521,2018-10-01
1296,2018,10,molecule21,brand50,SKU118,135.0,12228.799792557826,2018-10-01
1266,2018,10,molecule16,brand33,SKU82,22.0,493.5457029353087,2018-10-01
1322,2018,10,molecule27,brand69,SKU152,31039.0,98524.37116863194,2018-10-01
1321,2018,10,molecule27,brand69,SKU151,7807.0,44282.695574503705,2018-10-01
1320,2018,10,molecule27,brand68,SKU150,21149.0,163020.95792210044,2018-10-01
1319,2018,10,molecule27,brand68,SKU149,4241.0,60295.73655297839,2018-10-01
1318,2018,10,molecule26,brand67,SKU148,141.0,12871.584346971396,2018-10-01
1317,2018,10,molecule25,brand66,SKU146,101.0,1041.4616737314184,2018-10-01
1316,2018,10,molecule25,brand65,SKU145,19402.0,25013.574437846553,2018-10-01
1315,2018,10,molecule25,brand64,SKU144,28378.0,11864.805777377436,2018-10-01
1314,2018,10,molecule24,brand61,SKU141,3314.0,48910.96415235516,2018-10-01
1313,2018,10,molecule24,brand60,SKU140,29082.0,568246.1488020018,2018-10-01
1312,2018,10,molecule22,brand58,SKU137,8661.0,42975.0091053955,2018-10-01
1311,2018,10,molecule22,brand58,SKU136,3327.0,24362.408479277838,2018-10-01
1310,2018,10,molecule22,brand57,SKU135,16054.0,88534.80199649162,2018-10-01
1309,2018,10,molecule22,brand57,SKU134,6129.0,42844.924115771915,2018-10-01
1308,2018,10,molecule22,brand56,SKU133,72561.0,152713.96515911235,2018-10-01
1307,2018,10,molecule22,brand56,SKU132,67877.0,73704.47792240308,2018-10-01
1306,2018,10,molecule22,brand56,SKU131,214979.0,262270.94014106854,2018-10-01
1305,2018,10,molecule22,brand56,SKU130,4514.0,20310.027330342902,2018-10-01
1304,2018,10,molecule22,brand56,SKU129,20222.0,37496.92840482656,2018-10-01
1303,2018,10,molecule22,brand55,SKU128,801.0,44610.71074347912,2018-10-01
1302,2018,10,molecule22,brand54,SKU127,2077.0,5594.200770190804,2018-10-01
1301,2018,10,molecule22,brand54,SKU126,3651.0,12757.46495264398,2018-10-01
1300,2018,10,molecule22,brand51,SKU121,17235.0,154769.09880681406,2018-10-01
1299,2018,10,molecule22,brand51,SKU120,19644.0,146168.17074889425,2018-10-01
1298,2018,10,molecule22,brand51,SKU119,7967.0,80107.49676167472,2018-10-01
1297,2018,10,molecule21,brand50,SKU117,220.0,19217.621118775565,2018-10-01
1295,2018,10,molecule20,brand49,SKU116,31.0,2777.762763648275,2018-10-01
1265,2018,10,molecule16,brand33,SKU81,50.0,658.0562466724003,2018-10-01
1263,2018,10,molecule14,brand31,SKU79,69.0,9390.784600520465,2018-10-01
1205,2018,10,molecule2,brand2,SKU2,6148.0,4301.944337138805,2018-10-01
1231,2018,10,molecule5,brand10,SKU27,40574.0,727899.3029374457,2018-10-01
1230,2018,10,molecule5,brand10,SKU26,37093.0,451340.9089540683,2018-10-01
1229,2018,10,molecule5,brand10,SKU25,2796.0,70167.05956919864,2018-10-01
1228,2018,10,molecule5,brand10,SKU24,1844.0,27400.694196149954,2018-10-01
1227,2018,10,molecule5,brand9,SKU23,1144.0,2489.8437154441585,2018-10-01
1226,2018,10,molecule5,brand9,SKU22,883.0,1774.6844754187252,2018-10-01
1225,2018,10,molecule5,brand9,SKU21,276.0,722.8634185571159,2018-10-01
1224,2018,10,molecule5,brand8,SKU20,21017.0,101975.38322801655,2018-10-01
1223,2018,10,molecule5,brand8,SKU19,3170.0,23175.316697374856,2018-10-01
1222,2018,10,molecule5,brand7,SKU18,58968.0,247946.03385667913,2018-10-01
1221,2018,10,molecule5,brand7,SKU17,265697.0,595685.7965632764,2018-10-01
1219,2018,10,molecule5,brand7,SKU15,143395.0,290800.3763184639,2018-10-01
1232,2018,10,molecule5,brand11,SKU28,48569.0,405772.92894355353,2018-10-01
1218,2018,10,molecule5,brand7,SKU31,9971.0,54461.94503060262,2018-10-01
1216,2018,10,molecule5,brand6,SKU13,18724.0,82592.27339132458,2018-10-01
1215,2018,10,molecule5,brand6,SKU12,65248.0,175923.7121505879,2018-10-01
1214,2018,10,molecule5,brand6,SKU11,14734.0,73020.74907459438,2018-10-01
1213,2018,10,molecule5,brand6,SKU10,35195.0,89184.25047584064,2018-10-01
1212,2018,10,molecule5,brand6,SKU9,4687.0,26499.998710601485,2018-10-01
1211,2018,10,molecule5,brand6,SKU8,11024.0,39010.00134891468,2018-10-01
1210,2018,10,molecule4,brand5,SKU7,3453.0,59522.149843802385,2018-10-01
1209,2018,10,molecule4,brand4,SKU6,1329.0,7663.689733086209,2018-10-01
1208,2018,10,molecule3,brand3,SKU5,16173.0,54526.724734013944,2018-10-01
1207,2018,10,molecule3,brand3,SKU4,15212.0,64449.204606787585,2018-10-01
1206,2018,10,molecule2,brand2,SKU3,21096.0,8901.220918557892,2018-10-01
1264,2018,10,molecule15,brand32,SKU80,16.0,8249.853986976288,2018-10-01
1217,2018,10,molecule5,brand7,SKU14,64563.0,186726.91102247007,2018-10-01
1233,2018,10,molecule5,brand12,SKU29,336.0,3631.3395684560173,2018-10-01
1220,2018,10,molecule5,brand7,SKU16,33747.0,132275.20195750942,2018-10-01
1235,2018,10,molecule6,brand14,SKU44,42094.0,111995.50807600042,2018-10-01
1234,2018,10,molecule5,brand12,SKU30,28.0,183.28352286430646,2018-10-01
1261,2018,10,molecule13,brand30,SKU76,2909.0,58735.07063931754,2018-10-01
1260,2018,10,molecule12,brand29,SKU75,2765.0,9035.736733348987,2018-10-01
1259,2018,10,molecule12,brand29,SKU74,2849.0,6487.512151532506,2018-10-01
1258,2018,10,molecule11,brand28,SKU73,15830.0,225341.81434253752,2018-10-01
1257,2018,10,molecule10,brand27,SKU72,123.0,4394.7153433452695,2018-10-01
1256,2018,10,molecule10,brand27,SKU71,113.0,2259.556362142948,2018-10-01
1255,2018,10,molecule9,brand25,SKU66,261258.0,3028027.2206538175,2018-10-01
1254,2018,10,molecule9,brand25,SKU65,10172.0,40048.91999010504,2018-10-01
1253,2018,10,molecule9,brand24,SKU68,7794.0,157415.33029691374,2018-10-01
1252,2018,10,molecule9,brand24,SKU69,12664.0,133260.26148209363,2018-10-01
1251,2018,10,molecule9,brand24,SKU64,14910.0,63600.95488744425,2018-10-01
1250,2018,10,molecule9,brand23,SKU63,27621.0,113217.00538568088,2018-10-01
1249,2018,10,molecule9,brand22,SKU62,37046.0,1091618.755456612,2018-10-01
1262,2018,10,molecule14,brand31,SKU78,141.0,9478.737303245045,2018-10-01
1236,2018,10,molecule6,brand14,SKU45,10424.0,35944.23293813291,2018-10-01
1248,2018,10,molecule9,brand21,SKU61,4709.0,138960.8004618334,2018-10-01
1237,2018,10,molecule6,brand14,SKU46,70764.0,159234.3445023191,2018-10-01
1238,2018,10,molecule6,brand15,SKU47,56857.0,317796.5549630578,2018-10-01
1239,2018,10,molecule6,brand15,SKU48,9852.0,72255.20902727102,2018-10-01
1241,2018,10,molecule6,brand16,SKU50,547.0,5631.358998982717,2018-10-01
1240,2018,10,molecule6,brand15,SKU49,106173.0,469839.04177648196,2018-10-01
1243,2018,10,molecule6,brand16,SKU52,870.0,5714.700237702062,2018-10-01
1244,2018,10,molecule7,brand18,SKU56,214.0,22211.55013021307,2018-10-01
1245,2018,10,molecule7,brand18,SKU57,484.0,52261.00997548547,2018-10-01
1246,2018,10,molecule8,brand19,SKU58,81264.0,123993.01577287374,2018-10-01
1247,2018,10,molecule8,brand20,SKU59,1524.0,9438.00288543259,2018-10-01
1242,2018,10,molecule6,brand16,SKU51,443.0,6431.182186170138,2018-10-01
1404,2018,11,molecule17,brand43,SKU107,19.0,2020.9451265035232,2018-11-01
1401,2018,11,molecule16,brand37,SKU98,267698.0,940502.3761767617,2018-11-01
1402,2018,11,molecule16,brand38,SKU99,606.0,2107.9745742204836,2018-11-01
1403,2018,11,molecule16,brand39,SKU100,14652.0,167776.8169306559,2018-11-01
1405,2018,11,molecule17,brand43,SKU104,13.0,1268.6672231439256,2018-11-01
1411,2018,11,molecule19,brand48,SKU114,283.0,31139.994664270216,2018-11-01
1407,2018,11,molecule18,brand44,SKU108,28.0,346.4413843955944,2018-11-01
1408,2018,11,molecule18,brand45,SKU109,102941.0,1102643.522609705,2018-11-01
1409,2018,11,molecule18,brand46,SKU110,13.0,123.91140605557868,2018-11-01
1410,2018,11,molecule19,brand48,SKU113,57.0,5961.748969998612,2018-11-01
1400,2018,11,molecule16,brand37,SKU97,88203.0,198432.55892190858,2018-11-01
1406,2018,11,molecule17,brand43,SKU106,22.0,2407.5853883984114,2018-11-01
1399,2018,11,molecule16,brand37,SKU96,119227.0,543983.8333634115,2018-11-01
1392,2018,11,molecule16,brand35,SKU89,1696.0,34081.70867720475,2018-11-01
1397,2018,11,molecule16,brand36,SKU94,358720.0,1250243.4081602977,2018-11-01
1396,2018,11,molecule16,brand36,SKU93,193334.0,372607.3287402579,2018-11-01
1395,2018,11,molecule16,brand36,SKU92,427.0,2931.744839217311,2018-11-01
1394,2018,11,molecule16,brand36,SKU91,210405.0,966976.5231912327,2018-11-01
1393,2018,11,molecule16,brand35,SKU90,669.0,5102.142192182543,2018-11-01
1391,2018,11,molecule16,brand34,SKU88,1162.0,9726.848946158962,2018-11-01
1390,2018,11,molecule16,brand34,SKU87,949.0,24281.93017008139,2018-11-01
1388,2018,11,molecule16,brand33,SKU85,41.0,295.1542162524329,2018-11-01
1387,2018,11,molecule16,brand33,SKU84,6.0,81.40116134384067,2018-11-01
1386,2018,11,molecule16,brand33,SKU83,245.0,1829.1123802231227,2018-11-01
1385,2018,11,molecule16,brand33,SKU82,1266.0,25855.786202815234,2018-11-01
1384,2018,11,molecule16,brand33,SKU81,19.0,247.5905156919672,2018-11-01
1398,2018,11,molecule16,brand36,SKU95,276.0,1548.9549074318443,2018-11-01
1412,2018,11,molecule20,brand49,SKU115,107.0,10187.259404201326,2018-11-01
1381,2018,11,molecule14,brand31,SKU78,50.0,3560.247044794687,2018-11-01
1414,2018,11,molecule21,brand50,SKU118,129.0,12152.55911523401,2018-11-01
1441,2018,11,molecule28,brand71,SKU157,2714.0,70135.36705512548,2018-11-01
1440,2018,11,molecule27,brand69,SKU152,31124.0,100218.86923129151,2018-11-01
1439,2018,11,molecule27,brand69,SKU151,6855.0,39374.30522893659,2018-11-01
1438,2018,11,molecule27,brand68,SKU150,15978.0,125586.30931975,2018-11-01
1437,2018,11,molecule27,brand68,SKU149,4609.0,66481.27609148815,2018-11-01
1436,2018,11,molecule26,brand67,SKU148,163.0,15222.124601186862,2018-11-01
1435,2018,11,molecule25,brand66,SKU146,167.0,1750.2055586423842,2018-11-01
1434,2018,11,molecule25,brand65,SKU145,25136.0,33226.106062001505,2018-11-01
1433,2018,11,molecule25,brand64,SKU144,59602.0,25611.998213831725,2018-11-01
1432,2018,11,molecule24,brand61,SKU141,3434.0,51546.744078736425,2018-11-01
1431,2018,11,molecule24,brand60,SKU140,30222.0,600993.6950337116,2018-11-01
1430,2018,11,molecule22,brand58,SKU137,9940.0,50384.88940805971,2018-11-01
1429,2018,11,molecule22,brand58,SKU136,3779.0,28364.82013254577,2018-11-01
1428,2018,11,molecule22,brand57,SKU135,16478.0,92228.86136309615,2018-11-01
1427,2018,11,molecule22,brand57,SKU134,5969.0,42156.83551605577,2018-11-01
1426,2018,11,molecule22,brand56,SKU133,80899.0,169647.6737687097,2018-11-01
1425,2018,11,molecule22,brand56,SKU132,75203.0,82899.09211273675,2018-11-01
1424,2018,11,molecule22,brand56,SKU131,241884.0,284640.160245876,2018-11-01
1423,2018,11,molecule22,brand56,SKU130,3779.0,17183.890249007687,2018-11-01
1422,2018,11,molecule22,brand56,SKU129,17404.0,32632.410744976056,2018-11-01
1421,2018,11,molecule22,brand55,SKU128,522.0,29148.822186464644,2018-11-01
1420,2018,11,molecule22,brand54,SKU127,1037.0,2854.1743978985173,2018-11-01
1419,2018,11,molecule22,brand54,SKU126,3453.0,12316.68684856979,2018-11-01
1418,2018,11,molecule22,brand51,SKU121,15149.0,138357.7784924908,2018-11-01
1417,2018,11,molecule22,brand51,SKU120,17332.0,131392.0363190672,2018-11-01
1416,2018,11,molecule22,brand51,SKU119,7527.0,77428.14902292914,2018-11-01
1415,2018,11,molecule21,brand50,SKU117,276.0,24489.68990611214,2018-11-01
1413,2018,11,molecule20,brand49,SKU116,28.0,2514.0167565325555,2018-11-01
1383,2018,11,molecule15,brand32,SKU80,25.0,12783.281314807138,2018-11-01
1366,2018,11,molecule8,brand20,SKU59,2400.0,14771.003884899306,2018-11-01
1380,2018,11,molecule13,brand30,SKU76,3333.0,67633.2622775912,2018-11-01
1349,2018,11,molecule5,brand10,SKU26,23760.0,292598.90720486274,2018-11-01
1348,2018,11,molecule5,brand10,SKU25,2171.0,52443.858899784595,2018-11-01
1347,2018,11,molecule5,brand10,SKU24,18102.0,292874.855498726,2018-11-01
1346,2018,11,molecule5,brand9,SKU23,1577.0,3482.0084741085398,2018-11-01
1345,2018,11,molecule5,brand9,SKU22,1166.0,2357.139598269837,2018-11-01
1344,2018,11,molecule5,brand9,SKU21,236.0,623.060360016591,2018-11-01
1343,2018,11,molecule5,brand8,SKU20,11457.0,58724.14672971434,2018-11-01
1342,2018,11,molecule5,brand8,SKU19,2570.0,13976.59417157911,2018-11-01
1341,2018,11,molecule5,brand7,SKU18,53410.0,227810.51040069823,2018-11-01
1340,2018,11,molecule5,brand7,SKU17,244504.0,560845.8056878729,2018-11-01
1382,2018,11,molecule14,brand31,SKU79,126.0,16357.045763168771,2018-11-01
1338,2018,11,molecule5,brand7,SKU15,164202.0,338068.612198437,2018-11-01
1350,2018,11,molecule5,brand10,SKU27,23760.0,430993.8373108442,2018-11-01
1337,2018,11,molecule5,brand7,SKU31,6569.0,36273.30418201214,2018-11-01
1335,2018,11,molecule5,brand6,SKU13,23763.0,106790.74833812391,2018-11-01
1334,2018,11,molecule5,brand6,SKU12,80770.0,221057.91779986775,2018-11-01
1333,2018,11,molecule5,brand6,SKU11,18548.0,93182.1550944519,2018-11-01
1332,2018,11,molecule5,brand6,SKU10,40140.0,103187.67214367048,2018-11-01
1331,2018,11,molecule5,brand6,SKU9,5093.0,29133.840545556257,2018-11-01
1330,2018,11,molecule5,brand6,SKU8,12925.0,46581.46060447107,2018-11-01
1329,2018,11,molecule4,brand5,SKU7,3044.0,54539.79242815115,2018-11-01
1328,2018,11,molecule4,brand4,SKU6,1634.0,9378.910153303785,2018-11-01
1327,2018,11,molecule3,brand3,SKU5,17781.0,62243.91314013506,2018-11-01
1326,2018,11,molecule3,brand3,SKU4,15837.0,71120.08947918643,2018-11-01
1325,2018,11,molecule2,brand2,SKU3,20125.0,8567.372177265897,2018-11-01
1324,2018,11,molecule2,brand2,SKU2,6054.0,4284.861345368926,2018-11-01
1336,2018,11,molecule5,brand7,SKU14,72715.0,214129.30625000704,2018-11-01
1351,2018,11,molecule5,brand11,SKU28,30863.0,262584.9506154061,2018-11-01
1339,2018,11,molecule5,brand7,SKU16,36351.0,144169.12137940095,2018-11-01
1353,2018,11,molecule5,brand12,SKU30,22.0,145.19061444569533,2018-11-01
1352,2018,11,molecule5,brand12,SKU29,154.0,1665.4175979143245,2018-11-01
1378,2018,11,molecule12,brand29,SKU74,1445.0,2857.147116026185,2018-11-01
1377,2018,11,molecule11,brand28,SKU73,25070.0,366782.84397914144,2018-11-01
1376,2018,11,molecule10,brand27,SKU72,160.0,6032.231097665115,2018-11-01
1375,2018,11,molecule10,brand27,SKU71,85.0,1691.0804645375395,2018-11-01
1374,2018,11,molecule9,brand25,SKU66,254629.0,2985865.247292089,2018-11-01
1373,2018,11,molecule9,brand25,SKU65,11005.0,43862.62665218045,2018-11-01
1372,2018,11,molecule9,brand24,SKU68,17508.0,357871.0194917829,2018-11-01
1371,2018,11,molecule9,brand24,SKU69,15391.0,164332.0967307339,2018-11-01
1370,2018,11,molecule9,brand24,SKU64,19817.0,85551.14608146396,2018-11-01
1369,2018,11,molecule9,brand23,SKU63,29741.0,123473.53792618122,2018-11-01
1368,2018,11,molecule9,brand22,SKU62,43096.0,1286546.0534231963,2018-11-01
1367,2018,11,molecule9,brand21,SKU61,5557.0,164083.6673171929,2018-11-01
1379,2018,11,molecule12,brand29,SKU75,1533.0,4328.26686940321,2018-11-01
1365,2018,11,molecule8,brand19,SKU58,74877.0,115733.47505998275,2018-11-01
1355,2018,11,molecule6,brand14,SKU45,9412.0,33236.645058058886,2018-11-01
1356,2018,11,molecule6,brand14,SKU46,76825.0,178860.4811444874,2018-11-01
1357,2018,11,molecule6,brand15,SKU47,60381.0,342827.8882593093,2018-11-01
1358,2018,11,molecule6,brand15,SKU48,9811.0,72887.4459363125,2018-11-01
1359,2018,11,molecule6,brand15,SKU49,118407.0,532460.3219393607,2018-11-01
1354,2018,11,molecule6,brand14,SKU44,46448.0,129055.21650334737,2018-11-01
1361,2018,11,molecule6,brand16,SKU51,333.0,5263.039161703821,2018-11-01
1362,2018,11,molecule6,brand16,SKU52,779.0,5184.938836448534,2018-11-01
1363,2018,11,molecule7,brand18,SKU56,198.0,21436.104817206808,2018-11-01
1364,2018,11,molecule7,brand18,SKU57,368.0,39766.04814259426,2018-11-01
1360,2018,11,molecule6,brand16,SKU50,613.0,6369.417542034905,2018-11-01
1519,2018,12,molecule16,brand37,SKU98,222874.0,774538.0386076818,2018-12-01
1520,2018,12,molecule16,brand38,SKU99,179.0,557.8466478374185,2018-12-01
1521,2018,12,molecule16,brand39,SKU100,12821.0,145588.5402826105,2018-12-01
1522,2018,12,molecule17,brand43,SKU107,3.0,158.40793212800116,2018-12-01
1523,2018,12,molecule17,brand43,SKU104,9.0,896.673942588857,2018-12-01
1525,2018,12,molecule18,brand44,SKU108,28.0,330.91095461014305,2018-12-01
1526,2018,12,molecule18,brand45,SKU109,103751.0,1110975.3373651258,2018-12-01
1527,2018,12,molecule18,brand46,SKU110,28.0,265.00654832996963,2018-12-01
1528,2018,12,molecule19,brand48,SKU113,85.0,9514.388540346266,2018-12-01
1518,2018,12,molecule16,brand37,SKU97,82369.0,183000.4892904608,2018-12-01
1524,2018,12,molecule17,brand43,SKU105,9.0,934.3422840904394,2018-12-01
1517,2018,12,molecule16,brand37,SKU96,119742.0,541113.1642949065,2018-12-01
1511,2018,12,molecule16,brand35,SKU90,933.0,6799.190938668841,2018-12-01
1515,2018,12,molecule16,brand36,SKU94,361016.0,1248501.2151453772,2018-12-01
1514,2018,12,molecule16,brand36,SKU93,170535.0,325685.0708391994,2018-12-01
1513,2018,12,molecule16,brand36,SKU92,327.0,2259.7260603415743,2018-12-01
1512,2018,12,molecule16,brand36,SKU91,188247.0,859240.4199854616,2018-12-01
1529,2018,12,molecule19,brand48,SKU114,104.0,12145.803370386842,2018-12-01
1510,2018,12,molecule16,brand35,SKU89,1687.0,33936.02696355377,2018-12-01
1509,2018,12,molecule16,brand34,SKU88,1313.0,10820.576806662968,2018-12-01
1508,2018,12,molecule16,brand34,SKU87,368.0,9519.39883916131,2018-12-01
1506,2018,12,molecule16,brand33,SKU85,6.0,33.81779992586795,2018-12-01
1504,2018,12,molecule16,brand33,SKU83,3.0,22.500555990280425,2018-12-01
1503,2018,12,molecule16,brand33,SKU82,13880.0,271798.7916049091,2018-12-01
1502,2018,12,molecule16,brand33,SKU81,6.0,77.41262715703635,2018-12-01
1516,2018,12,molecule16,brand36,SKU95,333.0,1844.2448428113325,2018-12-01
1530,2018,12,molecule20,brand49,SKU115,88.0,8372.308283372657,2018-12-01
1501,2018,12,molecule15,brand32,SKU80,16.0,8000.554837115439,2018-12-01
1532,2018,12,molecule21,brand50,SKU118,91.0,9263.744532762255,2018-12-01
1558,2018,12,molecule27,brand69,SKU152,28739.0,92381.53178601945,2018-12-01
1557,2018,12,molecule27,brand69,SKU151,8878.0,50924.755804539374,2018-12-01
1556,2018,12,molecule27,brand68,SKU150,19657.0,128160.44847661824,2018-12-01
1555,2018,12,molecule27,brand68,SKU149,8545.0,89882.21894418779,2018-12-01
1554,2018,12,molecule26,brand67,SKU148,57.0,5147.975049078155,2018-12-01
1559,2018,12,molecule28,brand71,SKU157,2564.0,65936.31925288952,2018-12-01
1552,2018,12,molecule25,brand65,SKU145,15962.0,21350.332272147756,2018-12-01
1551,2018,12,molecule25,brand64,SKU144,60369.0,25457.973640690627,2018-12-01
1550,2018,12,molecule24,brand61,SKU141,4103.0,62597.03730158368,2018-12-01
1549,2018,12,molecule24,brand60,SKU140,32073.0,632579.7766538131,2018-12-01
1548,2018,12,molecule22,brand58,SKU137,9635.0,48638.97801555256,2018-12-01
1547,2018,12,molecule22,brand58,SKU136,4153.0,31080.530435849352,2018-12-01
1531,2018,12,molecule20,brand49,SKU116,35.0,3135.4467952869986,2018-12-01
1546,2018,12,molecule22,brand57,SKU135,21287.0,109323.80579061263,2018-12-01
1544,2018,12,molecule22,brand56,SKU133,89859.0,194797.6027974772,2018-12-01
1543,2018,12,molecule22,brand56,SKU132,72363.0,79114.55509341603,2018-12-01
1542,2018,12,molecule22,brand56,SKU131,235773.0,275147.31232232286,2018-12-01
1541,2018,12,molecule22,brand56,SKU130,3629.0,16268.798580508745,2018-12-01
1540,2018,12,molecule22,brand56,SKU129,18432.0,34138.475354466995,2018-12-01
1539,2018,12,molecule22,brand55,SKU128,1499.0,79031.14000456051,2018-12-01
1538,2018,12,molecule22,brand54,SKU127,748.0,1995.8688333617715,2018-12-01
1537,2018,12,molecule22,brand54,SKU126,2410.0,8516.526622481348,2018-12-01
1536,2018,12,molecule22,brand51,SKU121,18171.0,161402.61367833047,2018-12-01
1535,2018,12,molecule22,brand51,SKU120,20879.0,146982.79971775162,2018-12-01
1534,2018,12,molecule22,brand51,SKU119,7750.0,79161.60451938656,2018-12-01
1533,2018,12,molecule21,brand50,SKU117,188.0,16508.213722663837,2018-12-01
1545,2018,12,molecule22,brand57,SKU134,9139.0,62186.199137365904,2018-12-01
1500,2018,12,molecule14,brand31,SKU79,123.0,16862.793054398375,2018-12-01
1553,2018,12,molecule25,brand66,SKU146,842.0,8797.688157068922,2018-12-01
1498,2018,12,molecule13,brand30,SKU76,3493.0,72020.81986814899,2018-12-01
1467,2018,12,molecule5,brand10,SKU26,36446.0,448522.85988828057,2018-12-01
1466,2018,12,molecule5,brand10,SKU25,1263.0,27772.435992272047,2018-12-01
1465,2018,12,molecule5,brand10,SKU24,16327.0,265274.26758732565,2018-12-01
1464,2018,12,molecule5,brand9,SKU23,2381.0,5113.312351405849,2018-12-01
1463,2018,12,molecule5,brand9,SKU22,1225.0,2467.48384829755,2018-12-01
1462,2018,12,molecule5,brand9,SKU21,283.0,740.8578403781653,2018-12-01
1461,2018,12,molecule5,brand8,SKU20,4885.0,26034.564458786444,2018-12-01
1460,2018,12,molecule5,brand8,SKU19,2183.0,6055.107050810069,2018-12-01
1459,2018,12,molecule5,brand7,SKU18,52584.0,221676.34870958055,2018-12-01
1458,2018,12,molecule5,brand7,SKU17,242113.0,565518.9169760869,2018-12-01
1457,2018,12,molecule5,brand7,SKU16,34400.0,135082.3121267184,2018-12-01
1455,2018,12,molecule5,brand7,SKU31,6245.0,34166.79117288467,2018-12-01
1468,2018,12,molecule5,brand10,SKU27,23355.0,419718.28334922047,2018-12-01
1454,2018,12,molecule5,brand7,SKU14,79815.0,233496.1488700877,2018-12-01
1452,2018,12,molecule5,brand6,SKU12,94691.0,255356.07138124717,2018-12-01
1451,2018,12,molecule5,brand6,SKU11,20983.0,104276.34592575542,2018-12-01
1450,2018,12,molecule5,brand6,SKU10,44749.0,113794.88069445953,2018-12-01
1449,2018,12,molecule5,brand6,SKU9,6230.0,35494.98481169675,2018-12-01
1448,2018,12,molecule5,brand6,SKU8,16104.0,57223.345706466505,2018-12-01
1447,2018,12,molecule4,brand5,SKU7,2001.0,36125.4159570859,2018-12-01
1446,2018,12,molecule4,brand4,SKU6,1872.0,10645.55937321115,2018-12-01
1445,2018,12,molecule3,brand3,SKU5,16845.0,59001.656390456454,2018-12-01
1444,2018,12,molecule3,brand3,SKU4,15934.0,71008.93382229701,2018-12-01
1443,2018,12,molecule2,brand2,SKU3,22667.0,9590.717674537318,2018-12-01
1442,2018,12,molecule2,brand2,SKU2,6641.0,4665.01050772731,2018-12-01
1499,2018,12,molecule14,brand31,SKU78,220.0,14764.567639600667,2018-12-01
1453,2018,12,molecule5,brand6,SKU13,36710.0,162590.2687819442,2018-12-01
1469,2018,12,molecule5,brand11,SKU28,37994.0,320258.7712747201,2018-12-01
1456,2018,12,molecule5,brand7,SKU15,167365.0,341908.78133997385,2018-12-01
1471,2018,12,molecule5,brand12,SKU30,3.0,20.792924508875274,2018-12-01
1470,2018,12,molecule5,brand12,SKU29,113.0,1207.6262566981973,2018-12-01
1496,2018,12,molecule12,brand29,SKU74,817.0,1543.2408722552907,2018-12-01
1495,2018,12,molecule11,brand28,SKU73,22393.0,328073.3432818544,2018-12-01
1494,2018,12,molecule10,brand27,SKU72,192.0,7284.735041430892,2018-12-01
1493,2018,12,molecule10,brand27,SKU71,97.0,1987.752890551617,2018-12-01
1492,2018,12,molecule9,brand25,SKU66,271038.0,3158839.5562513787,2018-12-01
1491,2018,12,molecule9,brand25,SKU65,10502.0,41606.27228746366,2018-12-01
1490,2018,12,molecule9,brand24,SKU68,19446.0,391294.6083097611,2018-12-01
1489,2018,12,molecule9,brand24,SKU69,29685.0,313388.8480761082,2018-12-01
1488,2018,12,molecule9,brand24,SKU64,20888.0,89598.92891521045,2018-12-01
1487,2018,12,molecule9,brand23,SKU63,27241.0,113078.48247429973,2018-12-01
1486,2018,12,molecule9,brand22,SKU62,41579.0,1232936.3696303272,2018-12-01
1485,2018,12,molecule9,brand21,SKU61,5532.0,163773.02766227967,2018-12-01
1497,2018,12,molecule12,brand29,SKU75,851.0,2326.0993781145767,2018-12-01
1483,2018,12,molecule8,brand19,SKU58,82291.0,126228.25656068933,2018-12-01
1484,2018,12,molecule8,brand20,SKU59,613.0,3986.9141075801563,2018-12-01
1473,2018,12,molecule6,brand14,SKU45,10216.0,36929.65561550184,2018-12-01
1474,2018,12,molecule6,brand14,SKU46,77651.0,184819.14260005046,2018-12-01
1475,2018,12,molecule6,brand15,SKU47,67708.0,381813.3800073563,2018-12-01
1476,2018,12,molecule6,brand15,SKU48,11995.0,88377.17999141985,2018-12-01
1477,2018,12,molecule6,brand15,SKU49,120147.0,535539.3261404912,2018-12-01
1472,2018,12,molecule6,brand14,SKU44,47592.0,134568.74954149933,2018-12-01
1479,2018,12,molecule6,brand16,SKU51,390.0,6198.929097621796,2018-12-01
1480,2018,12,molecule6,brand16,SKU52,833.0,5656.498852662961,2018-12-01
1481,2018,12,molecule7,brand18,SKU56,302.0,33040.246997824106,2018-12-01
1482,2018,12,molecule7,brand18,SKU57,468.0,50539.80828603797,2018-12-01
1478,2018,12,molecule6,brand16,SKU50,619.0,6335.6905700327225,2018-12-01
1636,2019,1,molecule16,brand37,SKU97,85410.0,187751.5948740985,2019-01-01
1637,2019,1,molecule16,brand37,SKU98,210195.0,720138.8331587675,2019-01-01
1638,2019,1,molecule16,brand38,SKU99,167.0,499.33915854432763,2019-01-01
1646,2019,1,molecule19,brand48,SKU113,107.0,11609.939671082951,2019-01-01
1639,2019,1,molecule16,brand39,SKU100,6572.0,75874.5760674438,2019-01-01
1642,2019,1,molecule17,brand43,SKU105,13.0,1387.2071680805327,2019-01-01
1641,2019,1,molecule17,brand43,SKU106,6.0,639.5234809432969,2019-01-01
1643,2019,1,molecule18,brand44,SKU108,28.0,309.6004473849176,2019-01-01
1644,2019,1,molecule18,brand45,SKU109,103512.0,1099533.409213993,2019-01-01
1645,2019,1,molecule18,brand46,SKU110,13.0,121.26086780046231,2019-01-01
1635,2019,1,molecule16,brand37,SKU96,103889.0,462211.42764300416,2019-01-01
1640,2019,1,molecule17,brand43,SKU104,16.0,1943.799391159635,2019-01-01
1634,2019,1,molecule16,brand36,SKU95,276.0,1511.8889475179592,2019-01-01
1628,2019,1,molecule16,brand35,SKU89,1436.0,28187.11294366187,2019-01-01
1632,2019,1,molecule16,brand36,SKU93,167739.0,316025.6343864563,2019-01-01
1631,2019,1,molecule16,brand36,SKU92,157.0,1065.5660161545657,2019-01-01
1630,2019,1,molecule16,brand36,SKU91,206198.0,931203.128949417,2019-01-01
1629,2019,1,molecule16,brand35,SKU90,1979.0,14521.27561011277,2019-01-01
1627,2019,1,molecule16,brand34,SKU88,2529.0,20290.34347531125,2019-01-01
1626,2019,1,molecule16,brand34,SKU87,129.0,3130.26775413145,2019-01-01
1625,2019,1,molecule16,brand33,SKU86,44.0,315.73270168561817,2019-01-01
1624,2019,1,molecule16,brand33,SKU85,10710.0,82187.64861184813,2019-01-01
1623,2019,1,molecule16,brand33,SKU84,6280.0,62246.798292193125,2019-01-01
1622,2019,1,molecule16,brand33,SKU83,4518.0,26020.481825818795,2019-01-01
1621,2019,1,molecule16,brand33,SKU82,8636.0,172056.32641361837,2019-01-01
1647,2019,1,molecule19,brand48,SKU114,201.0,21994.25260152409,2019-01-01
1633,2019,1,molecule16,brand36,SKU94,361242.0,1230743.1021494856,2019-01-01
1648,2019,1,molecule20,brand49,SKU115,75.0,6665.862194057715,2019-01-01
1677,2019,1,molecule28,brand71,SKU157,2287.0,61620.85993677647,2019-01-01
1650,2019,1,molecule21,brand50,SKU118,170.0,16719.20350902509,2019-01-01
1620,2019,1,molecule16,brand33,SKU81,2925.0,30961.33063140164,2019-01-01
1676,2019,1,molecule27,brand69,SKU152,36552.0,115399.49310863334,2019-01-01
1675,2019,1,molecule27,brand69,SKU151,1210.0,7058.957665300155,2019-01-01
1674,2019,1,molecule27,brand68,SKU150,18978.0,100299.90906687142,2019-01-01
1673,2019,1,molecule27,brand68,SKU149,7207.0,67780.87904589105,2019-01-01
1672,2019,1,molecule26,brand67,SKU148,141.0,12808.930075360931,2019-01-01
1671,2019,1,molecule25,brand66,SKU146,63.0,633.3856394853267,2019-01-01
1670,2019,1,molecule25,brand65,SKU145,5517.0,7260.168758967913,2019-01-01
1669,2019,1,molecule25,brand64,SKU144,63089.0,26440.80850452912,2019-01-01
1668,2019,1,molecule24,brand61,SKU141,4056.0,62648.853237215015,2019-01-01
1667,2019,1,molecule24,brand60,SKU140,32333.0,632516.4154315843,2019-01-01
1666,2019,1,molecule22,brand58,SKU137,10085.0,50661.84191178658,2019-01-01
1665,2019,1,molecule22,brand58,SKU136,5715.0,42096.65514764202,2019-01-01
1664,2019,1,molecule22,brand57,SKU135,20392.0,94613.1248925402,2019-01-01
1663,2019,1,molecule22,brand57,SKU134,8401.0,55924.38632514797,2019-01-01
1662,2019,1,molecule22,brand56,SKU133,94084.0,192002.8853917938,2019-01-01
1661,2019,1,molecule22,brand56,SKU132,79815.0,88975.68427405968,2019-01-01
1660,2019,1,molecule22,brand56,SKU131,249219.0,294950.4898532848,2019-01-01
1659,2019,1,molecule22,brand56,SKU130,6060.0,26916.46760227557,2019-01-01
1658,2019,1,molecule22,brand56,SKU129,21137.0,38944.08935468928,2019-01-01
1657,2019,1,molecule22,brand55,SKU128,4891.0,255799.87048775444,2019-01-01
1656,2019,1,molecule22,brand54,SKU127,660.0,1730.3244481297031,2019-01-01
1655,2019,1,molecule22,brand54,SKU126,1448.0,5100.214255809976,2019-01-01
1654,2019,1,molecule22,brand51,SKU121,20621.0,162167.84671701872,2019-01-01
1653,2019,1,molecule22,brand51,SKU120,18199.0,111018.74486275371,2019-01-01
1652,2019,1,molecule22,brand51,SKU119,427.0,4652.154723347716,2019-01-01
1651,2019,1,molecule21,brand50,SKU117,283.0,25085.047480077406,2019-01-01
1649,2019,1,molecule20,brand49,SKU116,25.0,2225.792507204608,2019-01-01
1619,2019,1,molecule15,brand32,SKU80,31.0,14436.95328976746,2019-01-01
1618,2019,1,molecule14,brand31,SKU79,57.0,6909.744686176617,2019-01-01
1617,2019,1,molecule14,brand31,SKU78,79.0,5505.285637049968,2019-01-01
1586,2019,1,molecule5,brand10,SKU27,28120.0,498492.1221841508,2019-01-01
1585,2019,1,molecule5,brand10,SKU26,41683.0,511903.02980948414,2019-01-01
1584,2019,1,molecule5,brand10,SKU25,9010.0,228601.53908927768,2019-01-01
1583,2019,1,molecule5,brand10,SKU24,10773.0,172556.2661105391,2019-01-01
1582,2019,1,molecule5,brand9,SKU23,2570.0,5507.53111313187,2019-01-01
1581,2019,1,molecule5,brand9,SKU22,1291.0,2575.7391808870143,2019-01-01
1580,2019,1,molecule5,brand9,SKU21,412.0,1063.539520865873,2019-01-01
1579,2019,1,molecule5,brand8,SKU20,148.0,754.8875648889965,2019-01-01
1578,2019,1,molecule5,brand8,SKU19,1690.0,9094.317898111089,2019-01-01
1577,2019,1,molecule5,brand7,SKU18,64946.0,269996.5411849225,2019-01-01
1576,2019,1,molecule5,brand7,SKU17,311272.0,700769.1227494018,2019-01-01
1575,2019,1,molecule5,brand7,SKU16,19619.0,75588.14761580419,2019-01-01
1587,2019,1,molecule5,brand11,SKU28,38921.0,323528.0524066303,2019-01-01
1574,2019,1,molecule5,brand7,SKU15,183548.0,370074.4201093173,2019-01-01
1572,2019,1,molecule5,brand7,SKU14,78021.0,225067.79751422053,2019-01-01
1571,2019,1,molecule5,brand6,SKU13,19440.0,85359.14302459036,2019-01-01
1570,2019,1,molecule5,brand6,SKU12,77327.0,206558.3826876445,2019-01-01
1569,2019,1,molecule5,brand6,SKU11,18868.0,92675.18332625918,2019-01-01
1568,2019,1,molecule5,brand6,SKU10,44739.0,112440.1229086446,2019-01-01
1567,2019,1,molecule5,brand6,SKU9,5708.0,32037.881157712127,2019-01-01
1566,2019,1,molecule5,brand6,SKU8,14250.0,50223.66964085724,2019-01-01
1565,2019,1,molecule4,brand5,SKU7,1260.0,22539.02678867227,2019-01-01
1564,2019,1,molecule4,brand4,SKU6,2730.0,14580.726160887172,2019-01-01
1563,2019,1,molecule3,brand3,SKU5,18746.0,64107.46810061173,2019-01-01
1562,2019,1,molecule3,brand3,SKU4,17439.0,77021.96743657188,2019-01-01
1561,2019,1,molecule2,brand2,SKU3,25321.0,10581.27833594913,2019-01-01
1573,2019,1,molecule5,brand7,SKU31,3440.0,18538.045577585624,2019-01-01
1588,2019,1,molecule5,brand12,SKU29,22.0,230.6546135603244,2019-01-01
1560,2019,1,molecule2,brand2,SKU2,6830.0,4770.286198098694,2019-01-01
1590,2019,1,molecule6,brand14,SKU44,50982.0,142669.48579282974,2019-01-01
1616,2019,1,molecule13,brand30,SKU76,3264.0,66543.32149220542,2019-01-01
1615,2019,1,molecule12,brand29,SKU75,1134.0,3039.7765399585387,2019-01-01
1614,2019,1,molecule12,brand29,SKU74,845.0,1596.1417823978902,2019-01-01
1613,2019,1,molecule11,brand28,SKU73,22374.0,319768.9874681129,2019-01-01
1612,2019,1,molecule10,brand27,SKU72,242.0,8753.709032291703,2019-01-01
1611,2019,1,molecule10,brand27,SKU71,135.0,2726.5277126198016,2019-01-01
1610,2019,1,molecule9,brand25,SKU66,236669.0,2720185.4791717115,2019-01-01
1589,2019,1,molecule5,brand12,SKU30,9.0,61.93940008929658,2019-01-01
1608,2019,1,molecule9,brand24,SKU68,25183.0,499073.68310411583,2019-01-01
1607,2019,1,molecule9,brand24,SKU69,14040.0,146345.07060073235,2019-01-01
1606,2019,1,molecule9,brand24,SKU64,19773.0,88454.22245577729,2019-01-01
1605,2019,1,molecule9,brand23,SKU63,29339.0,125113.36575352085,2019-01-01
1604,2019,1,molecule9,brand22,SKU62,44268.0,1293801.4125130307,2019-01-01
1609,2019,1,molecule9,brand25,SKU65,13735.0,53554.20596396366,2019-01-01
1602,2019,1,molecule8,brand20,SKU59,471.0,3063.6188659333525,2019-01-01
1603,2019,1,molecule9,brand21,SKU61,5099.0,149092.11532989496,2019-01-01
1591,2019,1,molecule6,brand14,SKU45,10707.0,38370.43062746429,2019-01-01
1592,2019,1,molecule6,brand14,SKU46,84104.0,199576.13133409133,2019-01-01
1593,2019,1,molecule6,brand15,SKU47,70067.0,390289.02061182813,2019-01-01
1595,2019,1,molecule6,brand15,SKU49,122978.0,541124.5059433469,2019-01-01
1594,2019,1,molecule6,brand15,SKU48,12513.0,91310.0007275716,2019-01-01
1597,2019,1,molecule6,brand16,SKU51,443.0,6690.248827442553,2019-01-01
1598,2019,1,molecule6,brand16,SKU52,653.0,4390.39174408566,2019-01-01
1599,2019,1,molecule7,brand18,SKU56,295.0,31861.34871526049,2019-01-01
1600,2019,1,molecule7,brand18,SKU57,569.0,59656.72270337676,2019-01-01
1601,2019,1,molecule8,brand19,SKU58,81923.0,123831.67982376377,2019-01-01
1596,2019,1,molecule6,brand16,SKU50,609.0,6105.635480580088,2019-01-01
1756,2019,2,molecule16,brand38,SKU99,79.0,170.0679789103687,2019-02-01
1753,2019,2,molecule16,brand37,SKU96,115080.0,516977.3327010833,2019-02-01
1754,2019,2,molecule16,brand37,SKU97,75015.0,166246.26007021664,2019-02-01
1755,2019,2,molecule16,brand37,SKU98,222450.0,768588.7832685902,2019-02-01
1757,2019,2,molecule16,brand39,SKU100,11156.0,124516.43279499585,2019-02-01
1763,2019,2,molecule19,brand48,SKU113,104.0,11685.798474382966,2019-02-01
1759,2019,2,molecule17,brand43,SKU105,13.0,1534.1760023705435,2019-02-01
1760,2019,2,molecule18,brand44,SKU108,6.0,67.81922589610498,2019-02-01
1761,2019,2,molecule18,brand45,SKU109,95124.0,1022999.2885137001,2019-02-01
1762,2019,2,molecule18,brand46,SKU110,25.0,234.81423958801642,2019-02-01
1758,2019,2,molecule17,brand43,SKU104,3.0,314.4406343237831,2019-02-01
1752,2019,2,molecule16,brand36,SKU95,69.0,377.99302771450954,2019-02-01
1738,2019,2,molecule16,brand33,SKU81,2639.0,28963.045159466477,2019-02-01
1750,2019,2,molecule16,brand36,SKU93,152738.0,289696.9323844349,2019-02-01
1749,2019,2,molecule16,brand36,SKU92,31.0,182.53041239220207,2019-02-01
1748,2019,2,molecule16,brand36,SKU91,175452.0,798437.2779194495,2019-02-01
1747,2019,2,molecule16,brand35,SKU90,2626.0,19538.69734774093,2019-02-01
1746,2019,2,molecule16,brand35,SKU89,462.0,9051.696524181287,2019-02-01
1745,2019,2,molecule16,brand34,SKU88,741.0,6031.342477207281,2019-02-01
1744,2019,2,molecule16,brand34,SKU87,1546.0,39187.62786610535,2019-02-01
1743,2019,2,molecule16,brand33,SKU86,9.0,57.21935668451385,2019-02-01
1742,2019,2,molecule16,brand33,SKU85,9406.0,74228.3593051964,2019-02-01
1741,2019,2,molecule16,brand33,SKU84,3531.0,36492.215521392965,2019-02-01
1740,2019,2,molecule16,brand33,SKU83,3098.0,18321.56515946343,2019-02-01
1739,2019,2,molecule16,brand33,SKU82,6802.0,136425.22707101057,2019-02-01
1764,2019,2,molecule19,brand48,SKU114,258.0,28471.93677397235,2019-02-01
1751,2019,2,molecule16,brand36,SKU94,338902.0,1163079.1463385583,2019-02-01
1765,2019,2,molecule20,brand49,SKU115,72.0,6231.596219219851,2019-02-01
1779,2019,2,molecule22,brand56,SKU133,77330.0,164860.73087177429,2019-02-01
1767,2019,2,molecule21,brand50,SKU118,104.0,9908.981007194558,2019-02-01
1737,2019,2,molecule14,brand31,SKU79,69.0,8935.79547219445,2019-02-01
1793,2019,2,molecule27,brand69,SKU152,41171.0,130949.08014427802,2019-02-01
1792,2019,2,molecule27,brand69,SKU151,1448.0,8272.43483103143,2019-02-01
1791,2019,2,molecule27,brand68,SKU150,13719.0,70828.85933222945,2019-02-01
1790,2019,2,molecule27,brand68,SKU149,3352.0,32983.56203288796,2019-02-01
1789,2019,2,molecule26,brand67,SKU148,113.0,10631.786657084604,2019-02-01
1794,2019,2,molecule28,brand71,SKU157,2297.0,63503.855841954,2019-02-01
1787,2019,2,molecule25,brand65,SKU145,18130.0,24116.04762912826,2019-02-01
1786,2019,2,molecule25,brand64,SKU144,51817.0,21888.21495715107,2019-02-01
1785,2019,2,molecule24,brand61,SKU141,3688.0,57463.429296868184,2019-02-01
1784,2019,2,molecule24,brand60,SKU140,31991.0,629997.5119198423,2019-02-01
1783,2019,2,molecule22,brand58,SKU137,7392.0,37562.91545247441,2019-02-01
1766,2019,2,molecule20,brand49,SKU116,44.0,3874.7134390928923,2019-02-01
1782,2019,2,molecule22,brand58,SKU136,4653.0,35030.67551870979,2019-02-01
1780,2019,2,molecule22,brand57,SKU134,6522.0,43450.02590099539,2019-02-01
1778,2019,2,molecule22,brand56,SKU132,57774.0,65153.24540979423,2019-02-01
1777,2019,2,molecule22,brand56,SKU131,220069.0,271508.32540747727,2019-02-01
1776,2019,2,molecule22,brand56,SKU130,6569.0,28920.958657829302,2019-02-01
1775,2019,2,molecule22,brand56,SKU129,17587.0,33025.73926885766,2019-02-01
1774,2019,2,molecule22,brand55,SKU128,1288.0,67505.14212971774,2019-02-01
1773,2019,2,molecule22,brand54,SKU127,5149.0,9757.043934960626,2019-02-01
1772,2019,2,molecule22,brand54,SKU126,3629.0,10580.279388210352,2019-02-01
1771,2019,2,molecule22,brand51,SKU121,14624.0,110060.71545056166,2019-02-01
1770,2019,2,molecule22,brand51,SKU120,15695.0,87347.3977881781,2019-02-01
1769,2019,2,molecule22,brand51,SKU119,5859.0,59100.94636605785,2019-02-01
1768,2019,2,molecule21,brand50,SKU117,245.0,24112.043471950146,2019-02-01
1781,2019,2,molecule22,brand57,SKU135,15787.0,70252.42610341433,2019-02-01
1736,2019,2,molecule14,brand31,SKU78,60.0,3989.650162517506,2019-02-01
1788,2019,2,molecule25,brand66,SKU146,72.0,734.0998150125902,2019-02-01
1734,2019,2,molecule12,brand29,SKU75,2117.0,1859.0174722108,2019-02-01
1703,2019,2,molecule5,brand10,SKU26,38205.0,476736.36296073184,2019-02-01
1702,2019,2,molecule5,brand10,SKU25,14109.0,367993.74713782256,2019-02-01
1701,2019,2,molecule5,brand10,SKU24,18224.0,297233.47713671275,2019-02-01
1700,2019,2,molecule5,brand9,SKU23,2312.0,5027.87490781727,2019-02-01
1699,2019,2,molecule5,brand9,SKU22,1235.0,2476.358196962811,2019-02-01
1698,2019,2,molecule5,brand9,SKU21,487.0,1273.2817148048,2019-02-01
1697,2019,2,molecule5,brand8,SKU20,60.0,244.6661776442171,2019-02-01
1696,2019,2,molecule5,brand8,SKU19,19.0,73.37575782346293,2019-02-01
1695,2019,2,molecule5,brand7,SKU18,42364.0,176861.57874323401,2019-02-01
1694,2019,2,molecule5,brand7,SKU17,228981.0,521480.6730234001,2019-02-01
1693,2019,2,molecule5,brand7,SKU16,38400.0,149981.81261741585,2019-02-01
1692,2019,2,molecule5,brand7,SKU15,141356.0,284711.660285915,2019-02-01
1704,2019,2,molecule5,brand10,SKU27,29091.0,526936.94774725,2019-02-01
1691,2019,2,molecule5,brand7,SKU31,14640.0,79676.0533173263,2019-02-01
1689,2019,2,molecule5,brand6,SKU13,31306.0,139523.88517238677,2019-02-01
1688,2019,2,molecule5,brand6,SKU12,84019.0,227625.6724871222,2019-02-01
1687,2019,2,molecule5,brand6,SKU11,20612.0,102976.97572835092,2019-02-01
1686,2019,2,molecule5,brand6,SKU10,43272.0,110150.17337768995,2019-02-01
1685,2019,2,molecule5,brand6,SKU9,4882.0,27254.274398016456,2019-02-01
1684,2019,2,molecule5,brand6,SKU8,14568.0,51877.488960774856,2019-02-01
1683,2019,2,molecule4,brand5,SKU7,1250.0,22030.010861722705,2019-02-01
1682,2019,2,molecule4,brand4,SKU6,1722.0,9737.001220622189,2019-02-01
1681,2019,2,molecule3,brand3,SKU5,17992.0,63475.883761059435,2019-02-01
1680,2019,2,molecule3,brand3,SKU4,14791.0,66926.7667586626,2019-02-01
1679,2019,2,molecule2,brand2,SKU3,18451.0,7801.25931019957,2019-02-01
1735,2019,2,molecule13,brand30,SKU76,3013.0,61138.760618130385,2019-02-01
1690,2019,2,molecule5,brand7,SKU14,74531.0,216352.08219514886,2019-02-01
1705,2019,2,molecule5,brand11,SKU28,39553.0,334114.95780553203,2019-02-01
1678,2019,2,molecule2,brand2,SKU2,5658.0,3965.1859840358316,2019-02-01
1707,2019,2,molecule5,brand12,SKU30,6.0,27.57959700821518,2019-02-01
1733,2019,2,molecule12,brand29,SKU74,1458.0,1512.2301520133406,2019-02-01
1732,2019,2,molecule11,brand28,SKU73,19446.0,283479.42709149036,2019-02-01
1731,2019,2,molecule10,brand27,SKU72,66.0,2425.2291891702507,2019-02-01
1730,2019,2,molecule10,brand27,SKU71,129.0,2640.9867118179063,2019-02-01
1729,2019,2,molecule9,brand25,SKU66,234441.0,2722251.676950707,2019-02-01
1728,2019,2,molecule9,brand25,SKU65,11300.0,44387.82810714311,2019-02-01
1727,2019,2,molecule9,brand24,SKU68,20376.0,406764.7258924561,2019-02-01
1706,2019,2,molecule5,brand12,SKU29,6.0,68.55025135897327,2019-02-01
1725,2019,2,molecule9,brand24,SKU64,18287.0,88166.76566711166,2019-02-01
1724,2019,2,molecule9,brand23,SKU63,26826.0,119327.119140468,2019-02-01
1723,2019,2,molecule9,brand22,SKU62,40637.0,1196847.2046250748,2019-02-01
1722,2019,2,molecule9,brand21,SKU61,5124.0,149611.58281163897,2019-02-01
1721,2019,2,molecule8,brand20,SKU59,675.0,4421.471507421955,2019-02-01
1726,2019,2,molecule9,brand24,SKU69,11762.0,123744.9980324535,2019-02-01
1719,2019,2,molecule7,brand18,SKU57,767.0,83399.74412892704,2019-02-01
1708,2019,2,molecule6,brand14,SKU44,40784.0,114811.23495976564,2019-02-01
1720,2019,2,molecule8,brand19,SKU58,69985.0,106513.85900731201,2019-02-01
1709,2019,2,molecule6,brand14,SKU45,9673.0,34822.12347711809,2019-02-01
1710,2019,2,molecule6,brand14,SKU46,68430.0,163763.23507665462,2019-02-01
1712,2019,2,molecule6,brand15,SKU48,9387.0,68888.59684620688,2019-02-01
1711,2019,2,molecule6,brand15,SKU47,55279.0,310443.593069051,2019-02-01
1714,2019,2,molecule6,brand16,SKU50,575.0,5866.066253843417,2019-02-01
1715,2019,2,molecule6,brand16,SKU51,405.0,6063.079596532965,2019-02-01
1716,2019,2,molecule6,brand16,SKU52,845.0,5751.402121482799,2019-02-01
1717,2019,2,molecule6,brand17,SKU54,6.0,229.01034045857705,2019-02-01
1718,2019,2,molecule7,brand18,SKU56,308.0,32979.0301922706,2019-02-01
1713,2019,2,molecule6,brand15,SKU49,113644.0,504617.4727629781,2019-02-01
1870,2019,3,molecule16,brand39,SKU100,13748.0,160405.4364585064,2019-03-01
1867,2019,3,molecule16,brand37,SKU97,83761.0,188667.38163326736,2019-03-01
1868,2019,3,molecule16,brand37,SKU98,264183.0,928612.1574645313,2019-03-01
1869,2019,3,molecule16,brand38,SKU99,3.0,14.28567274539941,2019-03-01
1871,2019,3,molecule17,brand43,SKU104,13.0,1427.7933265484123,2019-03-01
1876,2019,3,molecule19,brand48,SKU113,63.0,6854.483614422794,2019-03-01
1873,2019,3,molecule18,brand44,SKU108,9.0,93.24525401902544,2019-03-01
1874,2019,3,molecule18,brand45,SKU109,101407.0,1109769.7638247039,2019-03-01
1875,2019,3,molecule18,brand46,SKU110,3.0,28.63889004278655,2019-03-01
1877,2019,3,molecule19,brand48,SKU114,47.0,4925.876328943911,2019-03-01
1872,2019,3,molecule17,brand43,SKU105,16.0,2135.848793253854,2019-03-01
1866,2019,3,molecule16,brand37,SKU96,117668.0,538509.2300237513,2019-03-01
1854,2019,3,molecule16,brand33,SKU82,6148.0,125323.61941336625,2019-03-01
1864,2019,3,molecule16,brand36,SKU94,337096.0,1175305.8528782018,2019-03-01
1863,2019,3,molecule16,brand36,SKU93,166627.0,321403.96410548524,2019-03-01
1862,2019,3,molecule16,brand36,SKU91,185624.0,858338.9444291298,2019-03-01
1861,2019,3,molecule16,brand35,SKU90,1706.0,12965.185834614953,2019-03-01
1860,2019,3,molecule16,brand35,SKU89,195.0,4092.0613979253935,2019-03-01
1859,2019,3,molecule16,brand34,SKU88,242.0,2049.8388473156056,2019-03-01
1858,2019,3,molecule16,brand34,SKU87,1445.0,36222.3907435536,2019-03-01
1857,2019,3,molecule16,brand33,SKU85,9252.0,74563.75701423727,2019-03-01
1856,2019,3,molecule16,brand33,SKU84,3421.0,35871.57044880741,2019-03-01
1855,2019,3,molecule16,brand33,SKU83,2218.0,13374.030751836171,2019-03-01
1878,2019,3,molecule20,brand49,SKU115,75.0,6870.8640125867105,2019-03-01
1853,2019,3,molecule16,brand33,SKU81,1882.0,21215.37155134766,2019-03-01
1865,2019,3,molecule16,brand40,SKU101,418.0,1303.452249408049,2019-03-01
1879,2019,3,molecule20,brand49,SKU116,25.0,2248.10783865742,2019-03-01
1893,2019,3,molecule22,brand57,SKU134,6563.0,44496.56503060729,2019-03-01
1881,2019,3,molecule21,brand50,SKU117,390.0,37275.948083986485,2019-03-01
1852,2019,3,molecule15,brand32,SKU80,9.0,4444.769243550863,2019-03-01
1907,2019,3,molecule28,brand71,SKU157,3025.0,85951.24988789955,2019-03-01
1906,2019,3,molecule27,brand69,SKU152,46389.0,150737.27670254372,2019-03-01
1904,2019,3,molecule27,brand68,SKU150,7263.0,39048.7880471733,2019-03-01
1903,2019,3,molecule27,brand68,SKU149,4194.0,41449.72263839812,2019-03-01
1902,2019,3,molecule26,brand67,SKU148,82.0,7472.175814589596,2019-03-01
1901,2019,3,molecule25,brand66,SKU146,85.0,879.9053803938943,2019-03-01
1900,2019,3,molecule25,brand65,SKU145,17219.0,23430.85620293648,2019-03-01
1899,2019,3,molecule25,brand64,SKU144,55173.0,23641.777167617875,2019-03-01
1898,2019,3,molecule24,brand61,SKU141,4357.0,69018.52659459176,2019-03-01
1897,2019,3,molecule24,brand60,SKU140,19943.0,412454.0304362571,2019-03-01
1896,2019,3,molecule22,brand58,SKU137,7637.0,39519.79860491524,2019-03-01
1895,2019,3,molecule22,brand58,SKU136,4719.0,36009.05216962958,2019-03-01
1894,2019,3,molecule22,brand57,SKU135,15601.0,72663.71138677585,2019-03-01
1892,2019,3,molecule22,brand56,SKU133,90657.0,200173.82203950733,2019-03-01
1891,2019,3,molecule22,brand56,SKU132,61098.0,69851.19424607088,2019-03-01
1890,2019,3,molecule22,brand56,SKU131,240464.0,298061.4953578369,2019-03-01
1889,2019,3,molecule22,brand56,SKU130,6098.0,27448.501701194695,2019-03-01
1888,2019,3,molecule22,brand56,SKU129,17219.0,32889.484900535106,2019-03-01
1887,2019,3,molecule22,brand55,SKU128,317.0,14665.79576190079,2019-03-01
1886,2019,3,molecule22,brand54,SKU127,8621.0,16308.476286808098,2019-03-01
1885,2019,3,molecule22,brand54,SKU126,6255.0,17992.302589563948,2019-03-01
1884,2019,3,molecule22,brand51,SKU121,15680.0,119504.87632376274,2019-03-01
1883,2019,3,molecule22,brand51,SKU120,18300.0,100579.35858972598,2019-03-01
1882,2019,3,molecule22,brand51,SKU119,10923.0,109627.78508137801,2019-03-01
1880,2019,3,molecule21,brand50,SKU118,82.0,8165.821127404144,2019-03-01
1851,2019,3,molecule14,brand31,SKU79,72.0,10210.903747478224,2019-03-01
1905,2019,3,molecule27,brand69,SKU151,4672.0,18675.890262165205,2019-03-01
1849,2019,3,molecule13,brand30,SKU76,5083.0,105080.72918852013,2019-03-01
1819,2019,3,molecule5,brand10,SKU25,5246.0,135465.63752483396,2019-03-01
1818,2019,3,molecule5,brand10,SKU24,12274.0,203833.56056449778,2019-03-01
1817,2019,3,molecule5,brand9,SKU23,2604.0,5783.092515392345,2019-03-01
1816,2019,3,molecule5,brand9,SKU22,1407.0,2875.4860872398554,2019-03-01
1815,2019,3,molecule5,brand9,SKU21,641.0,1691.5175532265805,2019-03-01
1814,2019,3,molecule5,brand8,SKU20,258.0,1475.974489180778,2019-03-01
1813,2019,3,molecule5,brand8,SKU19,3.0,9.89527686619863,2019-03-01
1812,2019,3,molecule5,brand7,SKU18,79375.0,340948.2717210853,2019-03-01
1811,2019,3,molecule5,brand7,SKU17,316201.0,724668.5192399948,2019-03-01
1810,2019,3,molecule5,brand7,SKU16,33062.0,131509.21764436955,2019-03-01
1809,2019,3,molecule5,brand7,SKU15,180302.0,371012.9636090107,2019-03-01
1808,2019,3,molecule5,brand7,SKU31,8853.0,48986.5895423893,2019-03-01
1807,2019,3,molecule5,brand7,SKU14,70975.0,209947.52465185645,2019-03-01
1806,2019,3,molecule5,brand6,SKU13,22045.0,99289.37358060601,2019-03-01
1805,2019,3,molecule5,brand6,SKU12,78675.0,215926.92320403163,2019-03-01
1804,2019,3,molecule5,brand6,SKU11,22255.0,112671.08872729186,2019-03-01
1803,2019,3,molecule5,brand6,SKU10,46681.0,120731.0039374063,2019-03-01
1802,2019,3,molecule5,brand6,SKU9,4907.0,27888.725863122323,2019-03-01
1801,2019,3,molecule5,brand6,SKU8,12444.0,44926.67665393294,2019-03-01
1800,2019,3,molecule4,brand5,SKU7,911.0,16375.086056635168,2019-03-01
1799,2019,3,molecule4,brand4,SKU6,2592.0,14481.819176973095,2019-03-01
1798,2019,3,molecule3,brand3,SKU5,14750.0,52787.7104349846,2019-03-01
1797,2019,3,molecule3,brand3,SKU4,13163.0,60186.12235995189,2019-03-01
1796,2019,3,molecule2,brand2,SKU3,21931.0,10063.148536098433,2019-03-01
1795,2019,3,molecule2,brand2,SKU2,7160.0,5404.373271025653,2019-03-01
1820,2019,3,molecule5,brand10,SKU26,36339.0,460862.30662898446,2019-03-01
1821,2019,3,molecule5,brand10,SKU27,29506.0,543244.836998016,2019-03-01
1850,2019,3,molecule14,brand31,SKU78,50.0,3297.2998795330823,2019-03-01
1823,2019,3,molecule6,brand14,SKU44,46574.0,133602.85010121192,2019-03-01
1822,2019,3,molecule5,brand11,SKU28,40856.0,349849.4048856684,2019-03-01
1848,2019,3,molecule12,brand29,SKU75,1235.0,536.4475399201899,2019-03-01
1847,2019,3,molecule12,brand29,SKU74,1835.0,848.7563779320776,2019-03-01
1846,2019,3,molecule11,brand28,SKU73,26377.0,387604.9228691347,2019-03-01
1845,2019,3,molecule10,brand27,SKU72,91.0,3423.2421313332898,2019-03-01
1844,2019,3,molecule10,brand27,SKU71,138.0,2710.476905473121,2019-03-01
1843,2019,3,molecule9,brand25,SKU66,236948.0,2800188.542188169,2019-03-01
1841,2019,3,molecule9,brand24,SKU68,21909.0,443691.8026715852,2019-03-01
1840,2019,3,molecule9,brand24,SKU69,11307.0,121165.6964314699,2019-03-01
1839,2019,3,molecule9,brand24,SKU64,17948.0,87877.38131716443,2019-03-01
1838,2019,3,molecule9,brand23,SKU63,25060.0,113530.6294977236,2019-03-01
1837,2019,3,molecule9,brand22,SKU62,41350.0,1239230.7725445048,2019-03-01
1842,2019,3,molecule9,brand25,SKU65,12114.0,48410.16866906207,2019-03-01
1835,2019,3,molecule8,brand20,SKU59,437.0,2909.4388148518233,2019-03-01
1836,2019,3,molecule9,brand21,SKU61,5649.0,167724.25951001723,2019-03-01
1825,2019,3,molecule6,brand14,SKU46,75081.0,182893.7517872378,2019-03-01
1826,2019,3,molecule6,brand15,SKU47,61943.0,353711.54055661074,2019-03-01
1827,2019,3,molecule6,brand15,SKU48,11143.0,83367.48798747668,2019-03-01
1829,2019,3,molecule6,brand16,SKU50,694.0,7071.476317603337,2019-03-01
1828,2019,3,molecule6,brand15,SKU49,114348.0,515760.9282981365,2019-03-01
1824,2019,3,molecule6,brand14,SKU45,9770.0,35710.19919636182,2019-03-01
1831,2019,3,molecule6,brand16,SKU52,553.0,3881.191253733909,2019-03-01
1832,2019,3,molecule7,brand18,SKU56,346.0,38599.03772011648,2019-03-01
1833,2019,3,molecule7,brand18,SKU57,635.0,70618.83725573981,2019-03-01
1834,2019,3,molecule8,brand19,SKU58,70029.0,108298.31740796224,2019-03-01
1830,2019,3,molecule6,brand16,SKU51,352.0,5403.6606512334465,2019-03-01
1983,2019,4,molecule16,brand39,SKU100,13399.0,156398.95887122265,2019-04-01
1981,2019,4,molecule16,brand37,SKU97,91229.0,208003.79614527864,2019-04-01
1982,2019,4,molecule16,brand37,SKU98,257739.0,916628.460211356,2019-04-01
1984,2019,4,molecule17,brand43,SKU104,6.0,780.2323614792376,2019-04-01
1990,2019,4,molecule19,brand48,SKU114,9.0,1050.9245235390613,2019-04-01
1986,2019,4,molecule18,brand44,SKU108,9.0,140.88716395304803,2019-04-01
1987,2019,4,molecule18,brand45,SKU109,111162.0,1235268.4778513229,2019-04-01
1988,2019,4,molecule18,brand46,SKU110,31.0,299.7201396777318,2019-04-01
1989,2019,4,molecule19,brand48,SKU113,123.0,13777.19843234726,2019-04-01
1980,2019,4,molecule16,brand37,SKU96,127718.0,590233.6071255753,2019-04-01
1985,2019,4,molecule17,brand43,SKU105,44.0,5086.456777435191,2019-04-01
1979,2019,4,molecule16,brand40,SKU101,4090.0,12911.72910907265,2019-04-01
1966,2019,4,molecule16,brand33,SKU81,2105.0,24007.05045327443,2019-04-01
1977,2019,4,molecule16,brand36,SKU94,372021.0,1314574.7974945179,2019-04-01
1976,2019,4,molecule16,brand36,SKU93,181380.0,354156.1930437652,2019-04-01
1975,2019,4,molecule16,brand36,SKU91,207015.0,969736.1028576272,2019-04-01
1974,2019,4,molecule16,brand35,SKU90,2045.0,15673.818469034275,2019-04-01
1973,2019,4,molecule16,brand35,SKU89,88.0,1761.5855105389394,2019-04-01
1972,2019,4,molecule16,brand34,SKU88,440.0,3708.8217305854528,2019-04-01
1971,2019,4,molecule16,brand34,SKU87,1866.0,45941.97753673725,2019-04-01
1970,2019,4,molecule16,brand33,SKU85,10458.0,85275.44221566034,2019-04-01
1969,2019,4,molecule16,brand33,SKU84,4731.0,49724.199830573765,2019-04-01
1968,2019,4,molecule16,brand33,SKU83,2340.0,14228.368764119765,2019-04-01
1967,2019,4,molecule16,brand33,SKU82,7031.0,144191.53266525586,2019-04-01
1991,2019,4,molecule20,brand49,SKU115,85.0,7409.707781533058,2019-04-01
1978,2019,4,molecule16,brand36,SKU95,3.0,13.852707307837978,2019-04-01
1992,2019,4,molecule20,brand49,SKU116,91.0,7947.463502881905,2019-04-01
2005,2019,4,molecule22,brand56,SKU133,90095.0,198812.41010718793,2019-04-01
1994,2019,4,molecule21,brand50,SKU117,188.0,18885.026847294124,2019-04-01
1965,2019,4,molecule15,brand32,SKU80,13.0,5021.783120871724,2019-04-01
2019,2019,4,molecule27,brand69,SKU152,45333.0,149390.5640358619,2019-04-01
2018,2019,4,molecule27,brand69,SKU151,6440.0,30974.375012339293,2019-04-01
2017,2019,4,molecule27,brand68,SKU150,41557.0,189223.4766927119,2019-04-01
2016,2019,4,molecule27,brand68,SKU149,19867.0,154368.9170832715,2019-04-01
2015,2019,4,molecule26,brand67,SKU148,91.0,9193.105155802788,2019-04-01
2014,2019,4,molecule25,brand66,SKU146,63.0,660.1071563801587,2019-04-01
2013,2019,4,molecule25,brand65,SKU145,16635.0,22909.065795105074,2019-04-01
2012,2019,4,molecule25,brand64,SKU144,64019.0,27683.04406446585,2019-04-01
2011,2019,4,molecule24,brand61,SKU141,6418.0,105454.14929328648,2019-04-01
2010,2019,4,molecule24,brand60,SKU140,12098.0,253795.20296827392,2019-04-01
2009,2019,4,molecule22,brand58,SKU137,12482.0,64345.3799062304,2019-04-01
2008,2019,4,molecule22,brand58,SKU136,5517.0,42922.214011742304,2019-04-01
2007,2019,4,molecule22,brand57,SKU135,19720.0,91837.95525239335,2019-04-01
2006,2019,4,molecule22,brand57,SKU134,6048.0,41511.43802003376,2019-04-01
2004,2019,4,molecule22,brand56,SKU132,70029.0,82305.20374351645,2019-04-01
2003,2019,4,molecule22,brand56,SKU131,251145.0,310237.86244876083,2019-04-01
2002,2019,4,molecule22,brand56,SKU130,4973.0,22688.737048370436,2019-04-01
2001,2019,4,molecule22,brand56,SKU129,18140.0,35537.08284884317,2019-04-01
2000,2019,4,molecule22,brand55,SKU128,261.0,13667.804263627822,2019-04-01
1999,2019,4,molecule22,brand54,SKU127,8423.0,16807.818939547884,2019-04-01
1998,2019,4,molecule22,brand54,SKU126,5014.0,15318.58354445581,2019-04-01
1997,2019,4,molecule22,brand51,SKU121,26638.0,203170.23395667266,2019-04-01
1996,2019,4,molecule22,brand51,SKU120,33301.0,184121.8599113324,2019-04-01
1995,2019,4,molecule22,brand51,SKU119,10386.0,107021.97466563937,2019-04-01
1993,2019,4,molecule21,brand50,SKU118,101.0,9909.19818750266,2019-04-01
2020,2019,4,molecule28,brand71,SKU157,2353.0,67151.6125315755,2019-04-01
1963,2019,4,molecule14,brand31,SKU78,148.0,10376.446034214074,2019-04-01
1962,2019,4,molecule13,brand30,SKU76,6943.0,146099.11964410823,2019-04-01
1932,2019,4,molecule5,brand10,SKU26,31344.0,399932.55977487337,2019-04-01
1931,2019,4,molecule5,brand10,SKU25,7763.0,204947.04948753095,2019-04-01
1930,2019,4,molecule5,brand10,SKU24,13547.0,226287.5823389523,2019-04-01
1929,2019,4,molecule5,brand9,SKU23,1696.0,3809.704379965817,2019-04-01
1928,2019,4,molecule5,brand9,SKU22,1288.0,2662.1415728008105,2019-04-01
1927,2019,4,molecule5,brand9,SKU21,415.0,1112.388030564385,2019-04-01
1926,2019,4,molecule5,brand8,SKU20,31.0,81.61011822121252,2019-04-01
1925,2019,4,molecule5,brand7,SKU18,49687.0,218573.52483123066,2019-04-01
1924,2019,4,molecule5,brand7,SKU17,288310.0,674621.9077795252,2019-04-01
1923,2019,4,molecule5,brand7,SKU16,44743.0,179901.4976949061,2019-04-01
1922,2019,4,molecule5,brand7,SKU15,189463.0,395667.48189368244,2019-04-01
1921,2019,4,molecule5,brand7,SKU31,10499.0,61031.051869997296,2019-04-01
1920,2019,4,molecule5,brand7,SKU14,75480.0,227479.05033105073,2019-04-01
1919,2019,4,molecule5,brand6,SKU13,26122.0,118897.32527811092,2019-04-01
1918,2019,4,molecule5,brand6,SKU12,81427.0,226579.56280494135,2019-04-01
1917,2019,4,molecule5,brand6,SKU11,19886.0,100852.2774217113,2019-04-01
1916,2019,4,molecule5,brand6,SKU10,40794.0,106686.10099794308,2019-04-01
1915,2019,4,molecule5,brand6,SKU9,5740.0,33210.66043233172,2019-04-01
1914,2019,4,molecule5,brand6,SKU8,13936.0,50894.975919753015,2019-04-01
1913,2019,4,molecule4,brand5,SKU7,267.0,4939.765167680101,2019-04-01
1912,2019,4,molecule4,brand4,SKU6,2265.0,13080.073927572283,2019-04-01
1911,2019,4,molecule3,brand3,SKU5,21445.0,78980.7807827789,2019-04-01
1910,2019,4,molecule3,brand3,SKU4,17781.0,82769.70175808769,2019-04-01
1909,2019,4,molecule2,brand2,SKU3,22164.0,10739.226458919367,2019-04-01
1964,2019,4,molecule14,brand31,SKU79,119.0,15867.17838582322,2019-04-01
1933,2019,4,molecule5,brand10,SKU27,33156.0,617867.4481223735,2019-04-01
1934,2019,4,molecule5,brand11,SKU28,45440.0,395652.1098240175,2019-04-01
1908,2019,4,molecule2,brand2,SKU2,6578.0,5179.297943879851,2019-04-01
1936,2019,4,molecule6,brand14,SKU44,48368.0,140525.21517488427,2019-04-01
1961,2019,4,molecule12,brand29,SKU75,804.0,2924.2942205446157,2019-04-01
1960,2019,4,molecule12,brand29,SKU74,289.0,549.9078659269379,2019-04-01
1959,2019,4,molecule11,brand28,SKU73,22123.0,331145.6994812646,2019-04-01
1958,2019,4,molecule10,brand27,SKU72,119.0,4562.16547426878,2019-04-01
1957,2019,4,molecule10,brand27,SKU71,157.0,3251.5008464807124,2019-04-01
1956,2019,4,molecule9,brand25,SKU66,253351.0,3027208.8427820355,2019-04-01
1955,2019,4,molecule9,brand25,SKU65,13870.0,56048.94101117748,2019-04-01
1935,2019,4,molecule5,brand12,SKU29,3.0,41.010854474315266,2019-04-01
1953,2019,4,molecule9,brand24,SKU69,16518.0,177202.17044689442,2019-04-01
1952,2019,4,molecule9,brand24,SKU64,22170.0,110655.47245629433,2019-04-01
1951,2019,4,molecule9,brand23,SKU63,29757.0,136945.09589714397,2019-04-01
1950,2019,4,molecule9,brand22,SKU62,31337.0,948189.5038979325,2019-04-01
1954,2019,4,molecule9,brand24,SKU68,16126.0,334831.7054167467,2019-04-01
1948,2019,4,molecule8,brand20,SKU59,506.0,3412.0170930924432,2019-04-01
1949,2019,4,molecule9,brand21,SKU61,5705.0,174095.56585614895,2019-04-01
1938,2019,4,molecule6,brand14,SKU46,77293.0,190925.20738527537,2019-04-01
1939,2019,4,molecule6,brand15,SKU47,66702.0,385996.5824377142,2019-04-01
1940,2019,4,molecule6,brand15,SKU48,11253.0,84989.2665964205,2019-04-01
1941,2019,4,molecule6,brand15,SKU49,128780.0,588790.2444054252,2019-04-01
1937,2019,4,molecule6,brand14,SKU45,10034.0,37280.376300324104,2019-04-01
1943,2019,4,molecule6,brand16,SKU51,364.0,5757.814593334404,2019-04-01
1944,2019,4,molecule6,brand16,SKU52,675.0,4816.983656648729,2019-04-01
1945,2019,4,molecule7,brand18,SKU56,405.0,45412.21713938521,2019-04-01
1946,2019,4,molecule7,brand18,SKU57,836.0,92440.0068035794,2019-04-01
1947,2019,4,molecule8,brand19,SKU58,85417.0,133794.58961456688,2019-04-01
1942,2019,4,molecule6,brand16,SKU50,575.0,6219.455629054421,2019-04-01
2092,2019,5,molecule16,brand37,SKU96,128325.0,602614.0411708776,2019-05-01
2093,2019,5,molecule16,brand37,SKU97,81955.0,189131.99788141798,2019-05-01
2094,2019,5,molecule16,brand37,SKU98,179793.0,644822.2984557616,2019-05-01
2095,2019,5,molecule16,brand39,SKU100,7518.0,87844.86198902063,2019-05-01
2098,2019,5,molecule18,brand45,SKU109,100990.0,1136670.0871334183,2019-05-01
2097,2019,5,molecule18,brand44,SKU108,66.0,790.0337862964927,2019-05-01
2100,2019,5,molecule19,brand48,SKU113,182.0,19912.332126664845,2019-05-01
2101,2019,5,molecule19,brand48,SKU114,38.0,4830.021138280775,2019-05-01
2102,2019,5,molecule20,brand49,SKU115,66.0,5479.09657320872,2019-05-01
2096,2019,5,molecule17,brand43,SKU105,13.0,1277.6193402466574,2019-05-01
2091,2019,5,molecule16,brand40,SKU101,3151.0,10178.54488572009,2019-05-01
2078,2019,5,molecule16,brand33,SKU82,7216.0,151813.0406303869,2019-05-01
2089,2019,5,molecule16,brand36,SKU94,350451.0,1254768.668048248,2019-05-01
2088,2019,5,molecule16,brand36,SKU93,169674.0,335883.3711391211,2019-05-01
2087,2019,5,molecule16,brand36,SKU92,9.0,64.80962744847011,2019-05-01
2086,2019,5,molecule16,brand36,SKU91,187817.0,891925.1801732988,2019-05-01
2085,2019,5,molecule16,brand35,SKU90,1401.0,10907.888973122277,2019-05-01
2084,2019,5,molecule16,brand35,SKU89,75.0,1399.2429213075548,2019-05-01
2083,2019,5,molecule16,brand34,SKU88,1250.0,10543.152593505623,2019-05-01
2082,2019,5,molecule16,brand34,SKU87,2275.0,58142.59940707878,2019-05-01
2081,2019,5,molecule16,brand33,SKU85,11002.0,91233.60837816974,2019-05-01
2080,2019,5,molecule16,brand33,SKU84,4866.0,52446.823168630624,2019-05-01
2079,2019,5,molecule16,brand33,SKU83,2928.0,18090.259234940502,2019-05-01
2103,2019,5,molecule20,brand49,SKU116,85.0,4357.561661221672,2019-05-01
2090,2019,5,molecule16,brand36,SKU95,31.0,160.72070584218832,2019-05-01
2104,2019,5,molecule21,brand50,SKU118,157.0,15804.432034310625,2019-05-01
2117,2019,5,molecule22,brand57,SKU134,7267.0,50590.32547095619,2019-05-01
2106,2019,5,molecule22,brand51,SKU119,7204.0,74699.78839038711,2019-05-01
2077,2019,5,molecule16,brand33,SKU81,2130.0,24154.387940537657,2019-05-01
2130,2019,5,molecule27,brand69,SKU152,31743.0,106119.42204580212,2019-05-01
2129,2019,5,molecule27,brand69,SKU151,20672.0,110362.0766181584,2019-05-01
2128,2019,5,molecule27,brand68,SKU150,23716.0,109773.70779741374,2019-05-01
2127,2019,5,molecule27,brand68,SKU149,6707.0,54985.32418508258,2019-05-01
2126,2019,5,molecule26,brand67,SKU148,160.0,15836.983640466846,2019-05-01
2125,2019,5,molecule25,brand66,SKU146,88.0,934.7303497509618,2019-05-01
2124,2019,5,molecule25,brand65,SKU145,22918.0,31765.25178792892,2019-05-01
2123,2019,5,molecule25,brand64,SKU144,73202.0,32096.559897422652,2019-05-01
2122,2019,5,molecule24,brand61,SKU141,12064.0,218810.3106438217,2019-05-01
2121,2019,5,molecule24,brand60,SKU140,3186.0,69393.228260252,2019-05-01
2105,2019,5,molecule21,brand50,SKU117,232.0,22235.88099019517,2019-05-01
2120,2019,5,molecule22,brand58,SKU137,7534.0,39816.165773858025,2019-05-01
2118,2019,5,molecule22,brand57,SKU135,19949.0,98040.00837858043,2019-05-01
2116,2019,5,molecule22,brand56,SKU133,92887.0,208445.40136944532,2019-05-01
2115,2019,5,molecule22,brand56,SKU132,67610.0,80765.38112678537,2019-05-01
2114,2019,5,molecule22,brand56,SKU131,241680.0,302457.29122463777,2019-05-01
2113,2019,5,molecule22,brand56,SKU130,4423.0,20368.249507359935,2019-05-01
2112,2019,5,molecule22,brand56,SKU129,18099.0,35806.85597559121,2019-05-01
2111,2019,5,molecule22,brand55,SKU128,556.0,25456.56681472676,2019-05-01
2110,2019,5,molecule22,brand54,SKU127,5171.0,10136.662299700993,2019-05-01
2109,2019,5,molecule22,brand54,SKU126,3553.0,10682.793806093032,2019-05-01
2108,2019,5,molecule22,brand51,SKU121,16305.0,126283.43132492587,2019-05-01
2107,2019,5,molecule22,brand51,SKU120,19663.0,110788.92525270187,2019-05-01
2119,2019,5,molecule22,brand58,SKU136,5008.0,39386.435958983115,2019-05-01
2076,2019,5,molecule15,brand32,SKU80,9.0,4566.1643835616405,2019-05-01
2131,2019,5,molecule28,brand71,SKU157,3701.0,99762.13754404525,2019-05-01
2074,2019,5,molecule14,brand31,SKU78,223.0,15198.123466184376,2019-05-01
2044,2019,5,molecule5,brand10,SKU26,44529.0,574632.68610611,2019-05-01
2043,2019,5,molecule5,brand10,SKU25,11539.0,310617.52616283234,2019-05-01
2042,2019,5,molecule5,brand10,SKU24,16123.0,273610.8396155853,2019-05-01
2041,2019,5,molecule5,brand9,SKU23,1147.0,2614.9711007015617,2019-05-01
2040,2019,5,molecule5,brand9,SKU22,1307.0,2730.6747655549802,2019-05-01
2039,2019,5,molecule5,brand9,SKU21,496.0,1343.1383783661122,2019-05-01
2038,2019,5,molecule5,brand7,SKU18,76177.0,349650.1129888557,2019-05-01
2037,2019,5,molecule5,brand7,SKU17,294848.0,707561.1967710864,2019-05-01
2036,2019,5,molecule5,brand7,SKU16,20524.0,83922.76588116375,2019-05-01
2035,2019,5,molecule5,brand7,SKU15,174603.0,368049.0284167421,2019-05-01
2034,2019,5,molecule5,brand7,SKU31,9334.0,55469.83002481079,2019-05-01
2045,2019,5,molecule5,brand10,SKU27,36474.0,692506.063361118,2019-05-01
2033,2019,5,molecule5,brand7,SKU14,76674.0,237832.22793565402,2019-05-01
2031,2019,5,molecule5,brand6,SKU12,73661.0,207219.26330498143,2019-05-01
2030,2019,5,molecule5,brand6,SKU11,19849.0,102826.9482904098,2019-05-01
2029,2019,5,molecule5,brand6,SKU10,41676.0,110299.73467474029,2019-05-01
2028,2019,5,molecule5,brand6,SKU9,5985.0,35136.36320674357,2019-05-01
2027,2019,5,molecule5,brand6,SKU8,13270.0,49093.00531277759,2019-05-01
2026,2019,5,molecule4,brand5,SKU7,28.0,512.6380365770972,2019-05-01
2025,2019,5,molecule4,brand4,SKU6,1646.0,9304.875470522888,2019-05-01
2024,2019,5,molecule3,brand3,SKU5,15353.0,56980.777996627214,2019-05-01
2023,2019,5,molecule3,brand3,SKU4,15055.0,70299.38542613089,2019-05-01
2022,2019,5,molecule2,brand2,SKU3,23160.0,11458.99888042745,2019-05-01
2075,2019,5,molecule14,brand31,SKU79,138.0,18899.473638575007,2019-05-01
2032,2019,5,molecule5,brand6,SKU13,24482.0,112819.04623013697,2019-05-01
2046,2019,5,molecule5,brand11,SKU28,48648.0,430517.89624135604,2019-05-01
2021,2019,5,molecule2,brand2,SKU2,7524.0,6086.162646596828,2019-05-01
2048,2019,5,molecule6,brand14,SKU45,10436.0,39232.94743189451,2019-05-01
2073,2019,5,molecule13,brand30,SKU76,11721.0,244574.83089627407,2019-05-01
2072,2019,5,molecule12,brand29,SKU75,220.0,812.2416738299462,2019-05-01
2071,2019,5,molecule12,brand29,SKU74,220.0,439.2509342746185,2019-05-01
2070,2019,5,molecule11,brand28,SKU73,20392.0,307726.7708048179,2019-05-01
2069,2019,5,molecule10,brand27,SKU72,25.0,764.1860570562884,2019-05-01
2068,2019,5,molecule10,brand27,SKU71,135.0,2690.9582788732628,2019-05-01
2067,2019,5,molecule9,brand25,SKU66,280971.0,3392423.1812600996,2019-05-01
2047,2019,5,molecule6,brand14,SKU44,46090.0,135482.03285883987,2019-05-01
2065,2019,5,molecule9,brand24,SKU68,28642.0,602930.9902184514,2019-05-01
2064,2019,5,molecule9,brand24,SKU69,11272.0,123836.350801814,2019-05-01
2063,2019,5,molecule9,brand24,SKU64,20587.0,104227.42345525995,2019-05-01
2062,2019,5,molecule9,brand23,SKU63,24376.0,113534.70936332921,2019-05-01
2066,2019,5,molecule9,brand25,SKU65,12438.0,50998.6982684409,2019-05-01
2060,2019,5,molecule9,brand21,SKU61,7241.0,221621.7127611441,2019-05-01
2049,2019,5,molecule6,brand14,SKU46,74396.0,186500.88997895032,2019-05-01
2061,2019,5,molecule9,brand22,SKU62,6830.0,211932.62371597075,2019-05-01
2050,2019,5,molecule6,brand15,SKU47,65263.0,383019.09059345466,2019-05-01
2051,2019,5,molecule6,brand15,SKU48,12202.0,93104.01866119789,2019-05-01
2053,2019,5,molecule6,brand16,SKU50,638.0,6889.497338917642,2019-05-01
2052,2019,5,molecule6,brand15,SKU49,115165.0,534455.6730579291,2019-05-01
2055,2019,5,molecule6,brand16,SKU52,767.0,5494.622339379874,2019-05-01
2056,2019,5,molecule7,brand18,SKU56,355.0,38777.140729604194,2019-05-01
2057,2019,5,molecule7,brand18,SKU57,1235.0,134675.15046363036,2019-05-01
2058,2019,5,molecule8,brand19,SKU58,66074.0,104915.01128646597,2019-05-01
2059,2019,5,molecule8,brand20,SKU59,412.0,2819.449208935136,2019-05-01
2054,2019,5,molecule6,brand16,SKU51,242.0,3776.4676311185085,2019-05-01
2204,2019,6,molecule16,brand39,SKU100,13016.0,146833.75511034392,2019-06-01
2202,2019,6,molecule16,brand37,SKU97,89388.0,207653.53608137844,2019-06-01
2203,2019,6,molecule16,brand37,SKU98,284264.0,1031586.5543117925,2019-06-01
2205,2019,6,molecule18,brand44,SKU108,16.0,209.21646090534995,2019-06-01
2211,2019,6,molecule20,brand49,SKU116,97.0,8917.474207929525,2019-06-01
2207,2019,6,molecule18,brand46,SKU110,38.0,374.34430727023283,2019-06-01
2208,2019,6,molecule19,brand48,SKU113,188.0,20366.278089277515,2019-06-01
2209,2019,6,molecule19,brand48,SKU114,28.0,3158.59463115379,2019-06-01
2210,2019,6,molecule20,brand49,SKU115,85.0,7659.71826099934,2019-06-01
2206,2019,6,molecule18,brand45,SKU109,96064.0,1086961.6135114578,2019-06-01
2201,2019,6,molecule16,brand37,SKU96,114756.0,540004.1056146508,2019-06-01
2189,2019,6,molecule16,brand33,SKU82,7757.0,163318.87067945013,2019-06-01
2199,2019,6,molecule16,brand36,SKU94,338503.0,1218969.4374363166,2019-06-01
2198,2019,6,molecule16,brand36,SKU93,153640.0,305405.7842086688,2019-06-01
2197,2019,6,molecule16,brand36,SKU91,187035.0,892209.1540615621,2019-06-01
2196,2019,6,molecule16,brand35,SKU90,682.0,5483.933005095039,2019-06-01
2195,2019,6,molecule16,brand35,SKU89,19.0,265.85950360082273,2019-06-01
2194,2019,6,molecule16,brand34,SKU88,763.0,6537.63625512992,2019-06-01
2193,2019,6,molecule16,brand34,SKU87,2344.0,58544.37092476743,2019-06-01
2192,2019,6,molecule16,brand33,SKU85,13616.0,113097.85706599093,2019-06-01
2191,2019,6,molecule16,brand33,SKU84,5190.0,56121.34317332028,2019-06-01
2190,2019,6,molecule16,brand33,SKU83,2432.0,15057.726452646555,2019-06-01
2212,2019,6,molecule21,brand50,SKU118,145.0,13910.754001535755,2019-06-01
2200,2019,6,molecule16,brand40,SKU101,2070.0,6687.931115232583,2019-06-01
2213,2019,6,molecule21,brand50,SKU117,188.0,18153.246179126698,2019-06-01
2227,2019,6,molecule22,brand58,SKU136,4480.0,35652.95180433144,2019-06-01
2215,2019,6,molecule22,brand51,SKU120,22365.0,127123.39033308733,2019-06-01
2188,2019,6,molecule16,brand33,SKU81,2152.0,24641.815257877483,2019-06-01
2239,2019,6,molecule28,brand71,SKU157,2488.0,68252.96437930399,2019-06-01
2238,2019,6,molecule27,brand69,SKU152,34407.0,115796.99733084008,2019-06-01
2237,2019,6,molecule27,brand69,SKU151,7131.0,38628.73694933921,2019-06-01
2236,2019,6,molecule27,brand68,SKU150,19164.0,90425.78235158227,2019-06-01
2235,2019,6,molecule27,brand68,SKU149,6688.0,55482.09140158019,2019-06-01
2234,2019,6,molecule26,brand67,SKU148,308.0,28728.416323731144,2019-06-01
2233,2019,6,molecule25,brand66,SKU146,185.0,1995.2706575062195,2019-06-01
2232,2019,6,molecule25,brand65,SKU145,26267.0,36516.15160370758,2019-06-01
2231,2019,6,molecule25,brand64,SKU144,54987.0,24202.392241275662,2019-06-01
2230,2019,6,molecule24,brand61,SKU141,10169.0,186264.89868519697,2019-06-01
2214,2019,6,molecule22,brand51,SKU119,6553.0,68108.7370862415,2019-06-01
2229,2019,6,molecule24,brand60,SKU140,1747.0,37796.39285862978,2019-06-01
2226,2019,6,molecule22,brand57,SKU135,16983.0,84245.5290953296,2019-06-01
2225,2019,6,molecule22,brand57,SKU134,5623.0,39320.996786488126,2019-06-01
2224,2019,6,molecule22,brand56,SKU133,83717.0,186712.93824634902,2019-06-01
2223,2019,6,molecule22,brand56,SKU132,59640.0,71455.18581301517,2019-06-01
2222,2019,6,molecule22,brand56,SKU131,212896.0,271049.31237264373,2019-06-01
2221,2019,6,molecule22,brand56,SKU130,4002.0,18504.584929840894,2019-06-01
2220,2019,6,molecule22,brand56,SKU129,15607.0,30810.01796960945,2019-06-01
2219,2019,6,molecule22,brand55,SKU128,500.0,23122.05984009286,2019-06-01
2218,2019,6,molecule22,brand54,SKU127,5184.0,10023.3501683502,2019-06-01
2217,2019,6,molecule22,brand54,SKU126,2661.0,7926.091455226874,2019-06-01
2216,2019,6,molecule22,brand51,SKU121,17015.0,131822.0357209519,2019-06-01
2228,2019,6,molecule22,brand58,SKU137,8567.0,45123.944320260794,2019-06-01
2187,2019,6,molecule15,brand32,SKU80,3.0,1528.9056069958833,2019-06-01
2186,2019,6,molecule14,brand31,SKU79,63.0,8221.284760802468,2019-06-01
2145,2019,6,molecule5,brand7,SKU15,160271.0,339416.7120669493,2019-06-01
2156,2019,6,molecule5,brand10,SKU27,29836.0,566436.1018053426,2019-06-01
2155,2019,6,molecule5,brand10,SKU26,36967.0,478379.61174661806,2019-06-01
2154,2019,6,molecule5,brand10,SKU25,7785.0,209204.2167057762,2019-06-01
2152,2019,6,molecule5,brand9,SKU23,870.0,1884.158792767896,2019-06-01
2151,2019,6,molecule5,brand9,SKU22,1012.0,2110.665417401533,2019-06-01
2150,2019,6,molecule5,brand9,SKU21,396.0,984.6120909269043,2019-06-01
2149,2019,6,molecule5,brand8,SKU20,50.0,69.26601080246911,2019-06-01
2148,2019,6,molecule5,brand7,SKU18,59235.0,272256.03747904056,2019-06-01
2147,2019,6,molecule5,brand7,SKU17,252678.0,611318.0739846781,2019-06-01
2146,2019,6,molecule5,brand7,SKU16,44856.0,183225.98996556902,2019-06-01
2144,2019,6,molecule5,brand7,SKU31,6390.0,38176.65507931524,2019-06-01
2157,2019,6,molecule5,brand11,SKU28,36688.0,321494.8788023906,2019-06-01
2143,2019,6,molecule5,brand7,SKU14,63963.0,202411.74062670505,2019-06-01
2141,2019,6,molecule5,brand6,SKU12,64943.0,183650.27714481848,2019-06-01
2140,2019,6,molecule5,brand6,SKU11,18240.0,94610.84676133243,2019-06-01
2139,2019,6,molecule5,brand6,SKU10,35569.0,94477.75440978576,2019-06-01
2138,2019,6,molecule5,brand6,SKU9,4967.0,29526.00868889301,2019-06-01
2137,2019,6,molecule5,brand6,SKU8,11696.0,43650.9959912559,2019-06-01
2136,2019,6,molecule4,brand4,SKU6,1062.0,6299.377207520637,2019-06-01
2135,2019,6,molecule3,brand3,SKU5,15818.0,57896.522005682426,2019-06-01
2134,2019,6,molecule3,brand3,SKU4,14059.0,66077.83155843124,2019-06-01
2133,2019,6,molecule2,brand2,SKU3,18397.0,9174.095642960483,2019-06-01
2132,2019,6,molecule2,brand2,SKU2,6428.0,5285.408642377576,2019-06-01
2185,2019,6,molecule14,brand31,SKU78,295.0,20449.55090950884,2019-06-01
2142,2019,6,molecule5,brand6,SKU13,21909.0,100916.55115985655,2019-06-01
2158,2019,6,molecule6,brand14,SKU44,42672.0,126301.44099544708,2019-06-01
2153,2019,6,molecule5,brand10,SKU24,11772.0,200424.58512365402,2019-06-01
2160,2019,6,molecule6,brand14,SKU46,69718.0,175588.5890369582,2019-06-01
2184,2019,6,molecule13,brand30,SKU76,13876.0,287589.6458845954,2019-06-01
2183,2019,6,molecule12,brand29,SKU75,138.0,392.7687757201645,2019-06-01
2182,2019,6,molecule12,brand29,SKU74,236.0,460.5884773662547,2019-06-01
2181,2019,6,molecule11,brand28,SKU73,18020.0,272467.721187736,2019-06-01
2180,2019,6,molecule10,brand27,SKU72,72.0,2627.9217659688693,2019-06-01
2179,2019,6,molecule10,brand27,SKU71,173.0,3382.3038478925064,2019-06-01
2178,2019,6,molecule9,brand25,SKU66,265251.0,3218870.849643261,2019-06-01
2177,2019,6,molecule9,brand25,SKU65,12925.0,53264.63279651086,2019-06-01
2159,2019,6,molecule6,brand14,SKU45,9173.0,34807.66675389795,2019-06-01
2175,2019,6,molecule9,brand24,SKU69,10521.0,116286.32216072922,2019-06-01
2174,2019,6,molecule9,brand24,SKU64,17260.0,87595.6026336625,2019-06-01
2173,2019,6,molecule9,brand23,SKU63,24583.0,115123.40510310554,2019-06-01
2172,2019,6,molecule9,brand22,SKU62,57089.0,1762738.809124846,2019-06-01
2176,2019,6,molecule9,brand24,SKU68,22777.0,484792.1669220529,2019-06-01
2161,2019,6,molecule6,brand15,SKU47,57648.0,339953.3482103808,2019-06-01
2170,2019,6,molecule8,brand20,SKU59,393.0,2700.596132716051,2019-06-01
2169,2019,6,molecule8,brand19,SKU58,59175.0,94446.85853436975,2019-06-01
2168,2019,6,molecule7,brand18,SKU57,292.0,32943.25287807716,2019-06-01
2167,2019,6,molecule7,brand18,SKU56,487.0,54352.3292750785,2019-06-01
2166,2019,6,molecule6,brand16,SKU52,1238.0,9073.146654115615,2019-06-01
2165,2019,6,molecule6,brand16,SKU51,314.0,4897.464649348426,2019-06-01
2164,2019,6,molecule6,brand16,SKU50,600.0,6355.585854178783,2019-06-01
2163,2019,6,molecule6,brand15,SKU49,110663.0,515793.6402448153,2019-06-01
2162,2019,6,molecule6,brand15,SKU48,11071.0,85322.51543250016,2019-06-01
2171,2019,6,molecule9,brand21,SKU61,7640.0,228303.41694290502,2019-06-01
2312,2019,7,molecule16,brand40,SKU101,1436.0,4735.915234553874,2019-07-01
2313,2019,7,molecule16,brand41,SKU102,1910.0,7038.598238228967,2019-07-01
2314,2019,7,molecule16,brand37,SKU96,91408.0,441601.50381958217,2019-07-01
2315,2019,7,molecule16,brand37,SKU97,91596.0,219925.69748436913,2019-07-01
2316,2019,7,molecule16,brand37,SKU98,144337.0,534090.1126343837,2019-07-01
2321,2019,7,molecule19,brand48,SKU113,210.0,24208.820918369038,2019-07-01
2318,2019,7,molecule18,brand44,SKU108,6.0,91.6647277498356,2019-07-01
2319,2019,7,molecule18,brand45,SKU109,100126.0,1156208.0419358,2019-07-01
2320,2019,7,molecule18,brand46,SKU110,16.0,160.81032145200055,2019-07-01
2311,2019,7,molecule16,brand36,SKU95,6.0,32.21421386398421,2019-07-01
2317,2019,7,molecule16,brand39,SKU100,12657.0,147361.94067483736,2019-07-01
2310,2019,7,molecule16,brand36,SKU94,380513.0,1396774.7610984796,2019-07-01
2297,2019,7,molecule15,brand32,SKU80,60.0,24093.776698470425,2019-07-01
2308,2019,7,molecule16,brand36,SKU92,3.0,0.035556527443691255,2019-07-01
2307,2019,7,molecule16,brand36,SKU91,202008.0,983027.3540853935,2019-07-01
2306,2019,7,molecule16,brand35,SKU90,474.0,3937.3513600560723,2019-07-01
2305,2019,7,molecule16,brand35,SKU89,19.0,249.99991981922892,2019-07-01
2304,2019,7,molecule16,brand34,SKU88,569.0,4982.354675594078,2019-07-01
2303,2019,7,molecule16,brand34,SKU87,2168.0,55083.703587978554,2019-07-01
2302,2019,7,molecule16,brand33,SKU85,16220.0,137484.03159675558,2019-07-01
2301,2019,7,molecule16,brand33,SKU84,5127.0,56846.207559154725,2019-07-01
2300,2019,7,molecule16,brand33,SKU83,2934.0,18526.31618404464,2019-07-01
2299,2019,7,molecule16,brand33,SKU82,7424.0,159696.9334930348,2019-07-01
2298,2019,7,molecule16,brand33,SKU81,3233.0,37999.623516491025,2019-07-01
2322,2019,7,molecule19,brand48,SKU114,22.0,2382.416019493295,2019-07-01
2309,2019,7,molecule16,brand36,SKU93,163925.0,333373.8911483348,2019-07-01
2323,2019,7,molecule20,brand49,SKU115,91.0,8348.89129598769,2019-07-01
2352,2019,7,molecule28,brand71,SKU157,3214.0,87493.8643819319,2019-07-01
2325,2019,7,molecule21,brand50,SKU118,148.0,10316.252855102346,2019-07-01
2351,2019,7,molecule27,brand69,SKU152,31353.0,107815.08133084848,2019-07-01
2350,2019,7,molecule27,brand69,SKU151,6261.0,33726.786025899324,2019-07-01
2348,2019,7,molecule27,brand68,SKU149,6333.0,54408.807700412915,2019-07-01
2347,2019,7,molecule26,brand67,SKU148,116.0,11544.747031045888,2019-07-01
2346,2019,7,molecule25,brand66,SKU146,72.0,781.8231091757865,2019-07-01
2345,2019,7,molecule25,brand65,SKU145,45154.0,63134.345959794184,2019-07-01
2344,2019,7,molecule25,brand64,SKU144,19748.0,8806.693081018431,2019-07-01
2343,2019,7,molecule24,brand61,SKU141,3943.0,73691.18138402872,2019-07-01
2342,2019,7,molecule24,brand60,SKU140,1687.0,37219.14848192021,2019-07-01
2341,2019,7,molecule22,brand58,SKU137,8517.0,45413.0656825627,2019-07-01
2340,2019,7,molecule22,brand58,SKU136,4427.0,35875.378689866164,2019-07-01
2339,2019,7,molecule22,brand57,SKU135,17973.0,91020.5049646525,2019-07-01
2338,2019,7,molecule22,brand57,SKU134,6412.0,45909.494699315714,2019-07-01
2337,2019,7,molecule22,brand56,SKU133,95259.0,215779.393076731,2019-07-01
2336,2019,7,molecule22,brand56,SKU132,63250.0,77774.53371662743,2019-07-01
2335,2019,7,molecule22,brand56,SKU131,236842.0,304685.26298570976,2019-07-01
2334,2019,7,molecule22,brand56,SKU130,4229.0,19959.91746360587,2019-07-01
2333,2019,7,molecule22,brand56,SKU129,18777.0,38253.994629365145,2019-07-01
2332,2019,7,molecule22,brand55,SKU128,390.0,18660.905768783126,2019-07-01
2331,2019,7,molecule22,brand54,SKU127,5592.0,11064.261757015414,2019-07-01
2330,2019,7,molecule22,brand54,SKU126,3142.0,9522.186699409569,2019-07-01
2329,2019,7,molecule22,brand51,SKU121,16742.0,132238.3984520665,2019-07-01
2328,2019,7,molecule22,brand51,SKU120,23172.0,133534.27798017953,2019-07-01
2327,2019,7,molecule22,brand51,SKU119,7804.0,82531.38737925788,2019-07-01
2326,2019,7,molecule21,brand50,SKU117,273.0,20879.871054238927,2019-07-01
2324,2019,7,molecule20,brand49,SKU116,25.0,2328.211786573362,2019-07-01
2296,2019,7,molecule14,brand31,SKU79,110.0,13855.433957077286,2019-07-01
2349,2019,7,molecule27,brand68,SKU150,23772.0,112067.84721681131,2019-07-01
2294,2019,7,molecule13,brand30,SKU76,19025.0,401026.12749659776,2019-07-01
2264,2019,7,molecule5,brand10,SKU26,42616.0,559709.8770256254,2019-07-01
2263,2019,7,molecule5,brand10,SKU25,8605.0,235521.39548456846,2019-07-01
2262,2019,7,molecule5,brand10,SKU24,13405.0,231797.31751959465,2019-07-01
2261,2019,7,molecule5,brand9,SKU23,707.0,1528.0462443812733,2019-07-01
2260,2019,7,molecule5,brand9,SKU22,1181.0,2553.151678096687,2019-07-01
2259,2019,7,molecule5,brand9,SKU21,424.0,1156.7548007224364,2019-07-01
2258,2019,7,molecule5,brand7,SKU33,31.0,100.52541438880397,2019-07-01
2257,2019,7,molecule5,brand7,SKU18,65703.0,307994.75374925294,2019-07-01
2256,2019,7,molecule5,brand7,SKU17,277431.0,685145.1937692321,2019-07-01
2255,2019,7,molecule5,brand7,SKU16,39506.0,164782.0502789273,2019-07-01
2254,2019,7,molecule5,brand7,SKU15,164481.0,354919.2290486855,2019-07-01
2253,2019,7,molecule5,brand7,SKU31,10270.0,64796.01246466603,2019-07-01
2252,2019,7,molecule5,brand7,SKU14,68845.0,224823.17549673974,2019-07-01
2251,2019,7,molecule5,brand6,SKU13,21840.0,102611.05840631122,2019-07-01
2250,2019,7,molecule5,brand6,SKU12,69486.0,200197.3857402927,2019-07-01
2249,2019,7,molecule5,brand6,SKU11,19365.0,102556.25386320798,2019-07-01
2248,2019,7,molecule5,brand6,SKU10,38400.0,103975.12188818425,2019-07-01
2247,2019,7,molecule5,brand6,SKU9,5008.0,29938.76754031419,2019-07-01
2246,2019,7,molecule5,brand6,SKU8,13804.0,52363.01753557146,2019-07-01
2245,2019,7,molecule4,brand5,SKU7,9.0,176.11148042860225,2019-07-01
2244,2019,7,molecule4,brand4,SKU6,870.0,5290.824119912752,2019-07-01
2243,2019,7,molecule3,brand3,SKU5,15664.0,57766.51818019386,2019-07-01
2242,2019,7,molecule3,brand3,SKU4,15755.0,74452.51008387473,2019-07-01
2240,2019,7,molecule2,brand2,SKU2,6547.0,5494.2872086136895,2019-07-01
2295,2019,7,molecule14,brand31,SKU78,264.0,17742.886670207077,2019-07-01
2265,2019,7,molecule5,brand10,SKU27,36276.0,701638.2755947582,2019-07-01
2266,2019,7,molecule5,brand11,SKU28,54145.0,488539.56883556966,2019-07-01
2241,2019,7,molecule2,brand2,SKU3,20153.0,10299.554174059365,2019-07-01
2268,2019,7,molecule6,brand14,SKU44,47014.0,141959.98262993895,2019-07-01
2293,2019,7,molecule12,brand29,SKU75,119.0,345.5501858736061,2019-07-01
2292,2019,7,molecule12,brand29,SKU74,179.0,356.41863109556044,2019-07-01
2291,2019,7,molecule11,brand28,SKU73,17404.0,268899.3594237406,2019-07-01
2290,2019,7,molecule10,brand27,SKU72,6.0,301.12823092062075,2019-07-01
2289,2019,7,molecule10,brand27,SKU71,113.0,2265.0469324780715,2019-07-01
2288,2019,7,molecule9,brand25,SKU66,236502.0,2926686.5260117548,2019-07-01
2287,2019,7,molecule9,brand25,SKU65,11596.0,48808.63828622446,2019-07-01
2267,2019,7,molecule5,brand12,SKU29,6.0,53.19256505576209,2019-07-01
2285,2019,7,molecule9,brand24,SKU69,10619.0,119624.62220892624,2019-07-01
2284,2019,7,molecule9,brand24,SKU64,18878.0,97966.77654781047,2019-07-01
2283,2019,7,molecule9,brand23,SKU63,24460.0,116619.05511184262,2019-07-01
2282,2019,7,molecule9,brand22,SKU62,53118.0,1671469.1141131697,2019-07-01
2286,2019,7,molecule9,brand24,SKU68,23006.0,504592.106283349,2019-07-01
2280,2019,7,molecule8,brand20,SKU59,440.0,3084.4982787166937,2019-07-01
2269,2019,7,molecule6,brand14,SKU45,10568.0,40637.26050350332,2019-07-01
2270,2019,7,molecule6,brand14,SKU46,75901.0,195347.7797266547,2019-07-01
2281,2019,7,molecule9,brand21,SKU61,6274.0,195919.98177068823,2019-07-01
2271,2019,7,molecule6,brand15,SKU47,62995.0,378138.8391764402,2019-07-01
2273,2019,7,molecule6,brand15,SKU49,96560.0,457061.37258514325,2019-07-01
2272,2019,7,molecule6,brand15,SKU48,12551.0,98357.64204848261,2019-07-01
2275,2019,7,molecule6,brand16,SKU51,336.0,5442.543946079283,2019-07-01
2276,2019,7,molecule6,brand16,SKU52,1112.0,8188.936919600554,2019-07-01
2277,2019,7,molecule7,brand18,SKU56,584.0,66179.991207861,2019-07-01
2278,2019,7,molecule7,brand18,SKU57,371.0,41099.147945383134,2019-07-01
2279,2019,7,molecule8,brand19,SKU58,70981.0,115672.88657511318,2019-07-01
2274,2019,7,molecule6,brand16,SKU50,779.0,8751.210623893367,2019-07-01
2424,2019,8,molecule16,brand37,SKU98,230436.0,856778.2098898788,2019-08-01
2422,2019,8,molecule16,brand37,SKU96,54290.0,263651.30681349966,2019-08-01
2423,2019,8,molecule16,brand37,SKU97,108024.0,258992.47865550168,2019-08-01
2425,2019,8,molecule16,brand39,SKU100,13675.0,160722.52017998166,2019-08-01
2430,2019,8,molecule20,brand49,SKU115,25.0,2369.366490083619,2019-08-01
2427,2019,8,molecule18,brand45,SKU109,103735.0,1198768.621251338,2019-08-01
2428,2019,8,molecule18,brand46,SKU110,38.0,382.3258176086861,2019-08-01
2429,2019,8,molecule19,brand48,SKU113,245.0,28137.33519570632,2019-08-01
2431,2019,8,molecule20,brand49,SKU116,6.0,532.9828816601723,2019-08-01
2426,2019,8,molecule18,brand44,SKU108,9.0,110.30545948075829,2019-08-01
2421,2019,8,molecule16,brand41,SKU102,1866.0,6916.922060232813,2019-08-01
2410,2019,8,molecule16,brand33,SKU84,5083.0,56085.31378002029,2019-08-01
2419,2019,8,molecule16,brand36,SKU94,394967.0,1452250.6984311987,2019-08-01
2418,2019,8,molecule16,brand36,SKU93,157645.0,320566.1229566733,2019-08-01
2417,2019,8,molecule16,brand36,SKU92,3.0,22.56652510835777,2019-08-01
2416,2019,8,molecule16,brand36,SKU91,218513.0,1065349.1867021886,2019-08-01
2415,2019,8,molecule16,brand35,SKU90,1291.0,10028.914044738172,2019-08-01
2414,2019,8,molecule16,brand35,SKU89,3434.0,69844.58484299736,2019-08-01
2413,2019,8,molecule16,brand34,SKU88,462.0,3968.7253122517786,2019-08-01
2412,2019,8,molecule16,brand34,SKU87,1860.0,47368.0349481196,2019-08-01
2411,2019,8,molecule16,brand33,SKU85,12698.0,107231.89852852139,2019-08-01
2432,2019,8,molecule21,brand50,SKU118,358.0,31704.587317205103,2019-08-01
2409,2019,8,molecule16,brand33,SKU83,3135.0,19798.65092033369,2019-08-01
2420,2019,8,molecule16,brand40,SKU101,2630.0,8592.01646497367,2019-08-01
2433,2019,8,molecule21,brand50,SKU117,339.0,29853.920551007177,2019-08-01
2447,2019,8,molecule22,brand58,SKU136,5856.0,45903.28362539094,2019-08-01
2435,2019,8,molecule22,brand51,SKU120,22726.0,129784.68594323938,2019-08-01
2460,2019,8,molecule28,brand71,SKU157,3528.0,95838.09687996391,2019-08-01
2408,2019,8,molecule16,brand33,SKU82,5378.0,114375.61220891285,2019-08-01
2458,2019,8,molecule27,brand69,SKU151,5906.0,32360.189235529266,2019-08-01
2457,2019,8,molecule27,brand68,SKU150,24131.0,113285.3438534098,2019-08-01
2456,2019,8,molecule27,brand68,SKU149,5105.0,44003.721235834324,2019-08-01
2455,2019,8,molecule26,brand67,SKU148,176.0,17454.978353462117,2019-08-01
2454,2019,8,molecule25,brand66,SKU146,57.0,626.2388687010205,2019-08-01
2453,2019,8,molecule25,brand65,SKU147,16522.0,37066.43806073285,2019-08-01
2452,2019,8,molecule25,brand65,SKU145,52659.0,73322.95697524743,2019-08-01
2451,2019,8,molecule25,brand64,SKU144,10081.0,4601.0990088117,2019-08-01
2450,2019,8,molecule24,brand61,SKU141,20735.0,394527.9503272623,2019-08-01
2434,2019,8,molecule22,brand51,SKU119,7499.0,78435.21941308002,2019-08-01
2449,2019,8,molecule24,brand60,SKU140,1524.0,33686.19815244517,2019-08-01
2446,2019,8,molecule22,brand57,SKU135,17819.0,89911.81328706433,2019-08-01
2445,2019,8,molecule22,brand57,SKU134,5872.0,41949.48583073502,2019-08-01
2444,2019,8,molecule22,brand56,SKU133,84873.0,191792.90809609683,2019-08-01
2443,2019,8,molecule22,brand56,SKU132,65314.0,79420.04155469731,2019-08-01
2442,2019,8,molecule22,brand56,SKU131,226955.0,291042.0307330219,2019-08-01
2441,2019,8,molecule22,brand56,SKU130,4273.0,20114.145653681368,2019-08-01
2440,2019,8,molecule22,brand56,SKU129,18331.0,37113.53677700475,2019-08-01
2439,2019,8,molecule22,brand55,SKU128,584.0,26104.198848232267,2019-08-01
2438,2019,8,molecule22,brand54,SKU127,5762.0,11205.171827746479,2019-08-01
2437,2019,8,molecule22,brand54,SKU126,3383.0,10310.66897855946,2019-08-01
2436,2019,8,molecule22,brand51,SKU121,17835.0,138890.77220396936,2019-08-01
2448,2019,8,molecule22,brand58,SKU137,7788.0,39790.40805982901,2019-08-01
2407,2019,8,molecule16,brand33,SKU81,2919.0,33916.37440203581,2019-08-01
2459,2019,8,molecule27,brand69,SKU152,28381.0,97584.80740478056,2019-08-01
2405,2019,8,molecule14,brand31,SKU78,418.0,28666.12769018118,2019-08-01
2376,2019,8,molecule5,brand10,SKU27,31664.0,612122.161845739,2019-08-01
2375,2019,8,molecule5,brand10,SKU26,39326.0,514693.8750352852,2019-08-01
2374,2019,8,molecule5,brand10,SKU25,7879.0,216015.2361196325,2019-08-01
2373,2019,8,molecule5,brand10,SKU24,11580.0,199884.89432704053,2019-08-01
2372,2019,8,molecule5,brand9,SKU23,710.0,1577.540548687289,2019-08-01
2371,2019,8,molecule5,brand9,SKU22,710.0,1513.8768372973138,2019-08-01
2370,2019,8,molecule5,brand9,SKU21,198.0,479.5717100202017,2019-08-01
2369,2019,8,molecule5,brand7,SKU18,62914.0,295426.7179092598,2019-08-01
2368,2019,8,molecule5,brand7,SKU17,271368.0,670498.9354206733,2019-08-01
2367,2019,8,molecule5,brand7,SKU16,40124.0,167807.86464760336,2019-08-01
2366,2019,8,molecule5,brand7,SKU15,151462.0,326430.1401017942,2019-08-01
2377,2019,8,molecule5,brand11,SKU28,47174.0,423083.071092949,2019-08-01
2365,2019,8,molecule5,brand7,SKU31,9120.0,57654.814800448556,2019-08-01
2363,2019,8,molecule5,brand6,SKU13,22984.0,108414.99309020276,2019-08-01
2362,2019,8,molecule5,brand6,SKU12,70516.0,203471.04535701365,2019-08-01
2361,2019,8,molecule5,brand6,SKU11,18158.0,96248.57722371125,2019-08-01
2360,2019,8,molecule5,brand6,SKU10,37869.0,102886.72330743834,2019-08-01
2359,2019,8,molecule5,brand6,SKU9,5105.0,30554.361695197247,2019-08-01
2358,2019,8,molecule5,brand6,SKU8,14068.0,53460.50528981643,2019-08-01
2357,2019,8,molecule4,brand4,SKU6,895.0,5449.106017418661,2019-08-01
2356,2019,8,molecule3,brand3,SKU5,16650.0,60412.16291252159,2019-08-01
2355,2019,8,molecule3,brand3,SKU4,15017.0,70466.31297569392,2019-08-01
2354,2019,8,molecule2,brand2,SKU3,21514.0,11018.075269669504,2019-08-01
2353,2019,8,molecule2,brand2,SKU2,7182.0,6077.54486113692,2019-08-01
2364,2019,8,molecule5,brand7,SKU14,71075.0,232484.33279148937,2019-08-01
2378,2019,8,molecule6,brand14,SKU44,48600.0,146867.30401139907,2019-08-01
2406,2019,8,molecule14,brand31,SKU79,107.0,14140.160624470478,2019-08-01
2380,2019,8,molecule6,brand14,SKU46,80861.0,208119.364613054,2019-08-01
2379,2019,8,molecule6,brand14,SKU45,10895.0,42220.2004290025,2019-08-01
2404,2019,8,molecule13,brand30,SKU76,11640.0,245071.18110465066,2019-08-01
2403,2019,8,molecule12,brand29,SKU75,57.0,165.6895494943305,2019-08-01
2402,2019,8,molecule12,brand29,SKU74,157.0,312.94146490959224,2019-08-01
2401,2019,8,molecule11,brand28,SKU73,29063.0,433989.02127511863,2019-08-01
2400,2019,8,molecule10,brand27,SKU72,6.0,180.4254192023116,2019-08-01
2399,2019,8,molecule10,brand27,SKU71,57.0,1204.8372955066181,2019-08-01
2397,2019,8,molecule9,brand25,SKU65,13264.0,55833.81987550495,2019-08-01
2396,2019,8,molecule9,brand24,SKU68,22481.0,494133.95083753235,2019-08-01
2395,2019,8,molecule9,brand24,SKU69,13820.0,155333.49302803044,2019-08-01
2394,2019,8,molecule9,brand24,SKU64,17247.0,89309.26780695633,2019-08-01
2393,2019,8,molecule9,brand23,SKU63,27118.0,129410.56583951508,2019-08-01
2398,2019,8,molecule9,brand25,SKU66,237281.0,2938765.0196281816,2019-08-01
2391,2019,8,molecule9,brand21,SKU61,5850.0,180572.54315559598,2019-08-01
2390,2019,8,molecule8,brand20,SKU59,522.0,3664.2912971442724,2019-08-01
2389,2019,8,molecule8,brand19,SKU58,65465.0,106797.30353905585,2019-08-01
2388,2019,8,molecule7,brand18,SKU57,1593.0,170086.63983923834,2019-08-01
2381,2019,8,molecule6,brand15,SKU47,75747.0,456266.0253699837,2019-08-01
2387,2019,8,molecule7,brand18,SKU56,741.0,82770.97097083823,2019-08-01
2386,2019,8,molecule6,brand16,SKU52,1420.0,10150.560035458671,2019-08-01
2385,2019,8,molecule6,brand16,SKU51,638.0,10213.300105699662,2019-08-01
2384,2019,8,molecule6,brand16,SKU50,1056.0,11530.453632878187,2019-08-01
2383,2019,8,molecule6,brand15,SKU49,120568.0,574890.1799762787,2019-08-01
2382,2019,8,molecule6,brand15,SKU48,12061.0,94479.00786730275,2019-08-01
2392,2019,8,molecule9,brand22,SKU62,40479.0,1280180.4205173077,2019-08-01
2530,2019,9,molecule16,brand37,SKU96,173523.0,836519.364583058,2019-09-01
2531,2019,9,molecule16,brand37,SKU97,86579.0,208118.37529797628,2019-09-01
2532,2019,9,molecule16,brand37,SKU98,228975.0,849125.9146573287,2019-09-01
2533,2019,9,molecule16,brand39,SKU100,12576.0,145500.92317611165,2019-09-01
2538,2019,9,molecule20,brand49,SKU116,94.0,6070.518438879417,2019-09-01
2535,2019,9,molecule18,brand46,SKU110,38.0,381.65744504173745,2019-09-01
2536,2019,9,molecule19,brand48,SKU113,157.0,18025.04463878325,2019-09-01
2537,2019,9,molecule20,brand49,SKU115,107.0,6870.123489306565,2019-09-01
2529,2019,9,molecule16,brand41,SKU102,1012.0,3727.7622106925933,2019-09-01
2534,2019,9,molecule18,brand45,SKU109,101360.0,1170541.0360339256,2019-09-01
2528,2019,9,molecule16,brand40,SKU101,1360.0,4478.606756738075,2019-09-01
2516,2019,9,molecule16,brand33,SKU82,4841.0,104083.21132425126,2019-09-01
2526,2019,9,molecule16,brand36,SKU93,164516.0,334611.2518533649,2019-09-01
2525,2019,9,molecule16,brand36,SKU92,6.0,46.12009964599449,2019-09-01
2524,2019,9,molecule16,brand36,SKU91,154478.0,748950.7103072751,2019-09-01
2523,2019,9,molecule16,brand35,SKU90,270.0,1996.796875238214,2019-09-01
2522,2019,9,molecule16,brand35,SKU89,1222.0,24805.592589309486,2019-09-01
2521,2019,9,molecule16,brand34,SKU88,317.0,2747.3366254417465,2019-09-01
2520,2019,9,molecule16,brand34,SKU87,1514.0,37962.18817257828,2019-09-01
2519,2019,9,molecule16,brand33,SKU85,11102.0,94251.92254870928,2019-09-01
2518,2019,9,molecule16,brand33,SKU84,3192.0,35186.97647086761,2019-09-01
2517,2019,9,molecule16,brand33,SKU83,2630.0,16489.84331012511,2019-09-01
2539,2019,9,molecule21,brand50,SKU118,336.0,28108.3912759515,2019-09-01
2527,2019,9,molecule16,brand36,SKU94,335635.0,1233865.8468591059,2019-09-01
2540,2019,9,molecule21,brand50,SKU117,393.0,34666.849848170954,2019-09-01
2553,2019,9,molecule22,brand57,SKU135,19239.0,97064.4980906379,2019-09-01
2542,2019,9,molecule22,brand51,SKU120,15790.0,91177.02656391777,2019-09-01
2515,2019,9,molecule16,brand33,SKU81,2934.0,34057.31182581659,2019-09-01
2566,2019,9,molecule27,brand69,SKU152,29996.0,103064.73681593768,2019-09-01
2565,2019,9,molecule27,brand69,SKU151,6223.0,33833.162658604095,2019-09-01
2564,2019,9,molecule27,brand68,SKU150,22924.0,106347.28925898718,2019-09-01
2563,2019,9,molecule27,brand68,SKU149,5730.0,49434.866096381964,2019-09-01
2562,2019,9,molecule26,brand67,SKU148,123.0,12005.847643157074,2019-09-01
2561,2019,9,molecule25,brand66,SKU146,352.0,3891.0623536683606,2019-09-01
2560,2019,9,molecule25,brand65,SKU147,38224.0,84890.63319382879,2019-09-01
2559,2019,9,molecule25,brand65,SKU145,17882.0,25321.992121325075,2019-09-01
2558,2019,9,molecule25,brand64,SKU144,6720.0,3090.9484396768844,2019-09-01
2557,2019,9,molecule24,brand61,SKU141,17320.0,329618.7986634494,2019-09-01
2541,2019,9,molecule22,brand51,SKU119,7722.0,80315.63480400183,2019-09-01
2556,2019,9,molecule24,brand60,SKU140,1634.0,35964.522899584146,2019-09-01
2554,2019,9,molecule22,brand58,SKU136,4326.0,34934.35983618563,2019-09-01
2552,2019,9,molecule22,brand57,SKU134,6362.0,45713.60923515711,2019-09-01
2551,2019,9,molecule22,brand56,SKU133,67805.0,159222.65298951516,2019-09-01
2550,2019,9,molecule22,brand56,SKU132,87072.0,105604.6668095052,2019-09-01
2549,2019,9,molecule22,brand56,SKU131,211900.0,274493.5115900039,2019-09-01
2548,2019,9,molecule22,brand56,SKU130,3534.0,16605.156919598478,2019-09-01
2547,2019,9,molecule22,brand56,SKU129,19610.0,39961.43525279594,2019-09-01
2546,2019,9,molecule22,brand55,SKU128,452.0,20493.776061166718,2019-09-01
2545,2019,9,molecule22,brand54,SKU127,5953.0,11588.393591299873,2019-09-01
2544,2019,9,molecule22,brand54,SKU126,3201.0,9656.210699476467,2019-09-01
2543,2019,9,molecule22,brand51,SKU121,19054.0,146437.80274912503,2019-09-01
2555,2019,9,molecule22,brand58,SKU137,9896.0,53419.76590167345,2019-09-01
2567,2019,9,molecule28,brand71,SKU157,3217.0,87634.632194237,2019-09-01
2514,2019,9,molecule14,brand31,SKU79,91.0,11553.392085588277,2019-09-01
2512,2019,9,molecule13,brand30,SKU76,11027.0,229554.9342310789,2019-09-01
2483,2019,9,molecule5,brand10,SKU26,40002.0,522363.6202066694,2019-09-01
2482,2019,9,molecule5,brand10,SKU25,7958.0,217246.8354872622,2019-09-01
2481,2019,9,molecule5,brand10,SKU24,12488.0,214660.88695366937,2019-09-01
2480,2019,9,molecule5,brand9,SKU23,591.0,1243.0491771952354,2019-09-01
2479,2019,9,molecule5,brand9,SKU22,694.0,1477.939181691779,2019-09-01
2478,2019,9,molecule5,brand9,SKU21,248.0,617.1271305195454,2019-09-01
2477,2019,9,molecule5,brand7,SKU18,58299.0,272457.2000212543,2019-09-01
2476,2019,9,molecule5,brand7,SKU17,252019.0,621586.1844358478,2019-09-01
2475,2019,9,molecule5,brand7,SKU16,33926.0,141192.41102612473,2019-09-01
2474,2019,9,molecule5,brand7,SKU15,146279.0,315235.7122547147,2019-09-01
2472,2019,9,molecule5,brand7,SKU14,63353.0,207506.8638070264,2019-09-01
2471,2019,9,molecule5,brand6,SKU13,25375.0,120153.65814036726,2019-09-01
2470,2019,9,molecule5,brand6,SKU12,70378.0,203413.0050326294,2019-09-01
2469,2019,9,molecule5,brand6,SKU11,21646.0,115216.80072138214,2019-09-01
2468,2019,9,molecule5,brand6,SKU10,43684.0,118736.37758868736,2019-09-01
2467,2019,9,molecule5,brand6,SKU9,5149.0,31075.067003086402,2019-09-01
2466,2019,9,molecule5,brand6,SKU8,13726.0,52227.91555988995,2019-09-01
2465,2019,9,molecule4,brand4,SKU6,911.0,5571.880587115651,2019-09-01
2464,2019,9,molecule3,brand3,SKU5,18912.0,70458.64417781383,2019-09-01
2463,2019,9,molecule3,brand3,SKU4,17518.0,82749.84720130802,2019-09-01
2462,2019,9,molecule2,brand2,SKU3,20056.0,10312.234498060616,2019-09-01
2461,2019,9,molecule2,brand2,SKU2,6437.0,5440.398839762732,2019-09-01
2513,2019,9,molecule14,brand31,SKU78,324.0,22922.5471135376,2019-09-01
2484,2019,9,molecule5,brand10,SKU27,33348.0,637059.9284138745,2019-09-01
2485,2019,9,molecule5,brand11,SKU28,46251.0,413832.7490371042,2019-09-01
2473,2019,9,molecule5,brand7,SKU31,10860.0,68583.56430246687,2019-09-01
2487,2019,9,molecule5,brand12,SKU30,3.0,17.37498361085613,2019-09-01
2511,2019,9,molecule12,brand29,SKU75,116.0,336.6032953105198,2019-09-01
2486,2019,9,molecule5,brand12,SKU29,6.0,55.891307198112,2019-09-01
2510,2019,9,molecule12,brand29,SKU74,91.0,181.06935885669301,2019-09-01
2509,2019,9,molecule11,brand28,SKU73,13999.0,208530.0926490164,2019-09-01
2508,2019,9,molecule9,brand25,SKU66,244749.0,3025388.193144472,2019-09-01
2507,2019,9,molecule9,brand25,SKU65,12937.0,54394.2450054263,2019-09-01
2506,2019,9,molecule9,brand24,SKU68,21199.0,465386.01822724694,2019-09-01
2505,2019,9,molecule9,brand24,SKU69,11369.0,127779.1162310655,2019-09-01
2503,2019,9,molecule9,brand23,SKU63,22073.0,105257.89093005616,2019-09-01
2502,2019,9,molecule9,brand22,SKU62,38239.0,1205103.1173591772,2019-09-01
2501,2019,9,molecule9,brand21,SKU61,5806.0,179908.33372090268,2019-09-01
2500,2019,9,molecule8,brand20,SKU59,443.0,3104.0096121747342,2019-09-01
2504,2019,9,molecule9,brand24,SKU64,19566.0,101547.46682875215,2019-09-01
2489,2019,9,molecule6,brand14,SKU45,9846.0,38439.686255350694,2019-09-01
2488,2019,9,molecule6,brand14,SKU44,42842.0,130961.54834053629,2019-09-01
2499,2019,9,molecule8,brand19,SKU58,60416.0,98353.9185899578,2019-09-01
2490,2019,9,molecule6,brand14,SKU46,74742.0,196879.1222109305,2019-09-01
2491,2019,9,molecule6,brand15,SKU47,59741.0,359180.57351531193,2019-09-01
2493,2019,9,molecule6,brand15,SKU49,105407.0,501125.7232533107,2019-09-01
2492,2019,9,molecule6,brand15,SKU48,9195.0,72036.09938959146,2019-09-01
2495,2019,9,molecule6,brand16,SKU51,487.0,7974.911699381517,2019-09-01
2496,2019,9,molecule6,brand16,SKU52,1279.0,8959.996852210597,2019-09-01
2497,2019,9,molecule7,brand18,SKU56,763.0,83394.8058935451,2019-09-01
2498,2019,9,molecule7,brand18,SKU57,647.0,69174.93913570547,2019-09-01
2494,2019,9,molecule6,brand16,SKU50,839.0,8998.810795375613,2019-09-01
2641,2019,10,molecule16,brand39,SKU100,18391.0,208834.99916276612,2019-10-01
2638,2019,10,molecule16,brand37,SKU96,142057.0,690831.8000753573,2019-10-01
2639,2019,10,molecule16,brand37,SKU97,85046.0,205473.69038368878,2019-10-01
2640,2019,10,molecule16,brand37,SKU98,259640.0,969309.1833962997,2019-10-01
2642,2019,10,molecule18,brand45,SKU109,105454.0,1225619.4723663286,2019-10-01
2647,2019,10,molecule21,brand50,SKU118,258.0,19741.007306868025,2019-10-01
2644,2019,10,molecule19,brand48,SKU113,151.0,17349.859681237573,2019-10-01
2645,2019,10,molecule20,brand49,SKU115,60.0,5976.542704481969,2019-10-01
2646,2019,10,molecule20,brand49,SKU116,6.0,645.207971812376,2019-10-01
2637,2019,10,molecule16,brand41,SKU102,1078.0,4006.5270204800686,2019-10-01
2643,2019,10,molecule18,brand46,SKU110,3.0,30.364413124862367,2019-10-01
2636,2019,10,molecule16,brand40,SKU101,1367.0,4543.189294474099,2019-10-01
2624,2019,10,molecule16,brand33,SKU82,4279.0,92061.50730747823,2019-10-01
2634,2019,10,molecule16,brand36,SKU93,183862.0,376674.3917984697,2019-10-01
2633,2019,10,molecule16,brand36,SKU92,3.0,9.954371283858219,2019-10-01
2632,2019,10,molecule16,brand36,SKU91,224652.0,1103649.0645421408,2019-10-01
2631,2019,10,molecule16,brand35,SKU90,826.0,6141.036180871699,2019-10-01
2630,2019,10,molecule16,brand35,SKU89,1445.0,29477.363022892845,2019-10-01
2629,2019,10,molecule16,brand34,SKU88,192.0,1725.9158717838586,2019-10-01
2628,2019,10,molecule16,brand34,SKU87,2136.0,54821.48064872987,2019-10-01
2627,2019,10,molecule16,brand33,SKU85,13858.0,117821.3033793371,2019-10-01
2626,2019,10,molecule16,brand33,SKU84,4668.0,52219.23378460287,2019-10-01
2625,2019,10,molecule16,brand33,SKU83,4901.0,30784.605259120603,2019-10-01
2648,2019,10,molecule21,brand50,SKU117,324.0,25541.466353375807,2019-10-01
2635,2019,10,molecule16,brand36,SKU94,362018.0,1340008.80110217,2019-10-01
2649,2019,10,molecule22,brand51,SKU119,7122.0,74630.31065517163,2019-10-01
2675,2019,10,molecule28,brand71,SKU157,4423.0,118601.25110520821,2019-10-01
2651,2019,10,molecule22,brand51,SKU121,18265.0,140455.4651163987,2019-10-01
2623,2019,10,molecule16,brand33,SKU81,4668.0,55032.13350057482,2019-10-01
2674,2019,10,molecule27,brand69,SKU152,32861.0,113771.83993736231,2019-10-01
2673,2019,10,molecule27,brand69,SKU151,6390.0,34663.145231353315,2019-10-01
2672,2019,10,molecule27,brand68,SKU150,24156.0,111614.88315840502,2019-10-01
2671,2019,10,molecule27,brand68,SKU149,5740.0,47428.967818960686,2019-10-01
2670,2019,10,molecule26,brand67,SKU148,82.0,7652.027669269729,2019-10-01
2669,2019,10,molecule25,brand66,SKU146,104.0,1141.3304077996393,2019-10-01
2668,2019,10,molecule25,brand65,SKU147,62282.0,137834.48039593303,2019-10-01
2667,2019,10,molecule25,brand65,SKU145,53728.0,76840.30556075698,2019-10-01
2666,2019,10,molecule25,brand64,SKU144,6066.0,2820.4135539353692,2019-10-01
2665,2019,10,molecule24,brand61,SKU141,21488.0,407365.5237814271,2019-10-01
2650,2019,10,molecule22,brand51,SKU120,32459.0,184723.89677052642,2019-10-01
2664,2019,10,molecule24,brand60,SKU140,1778.0,39535.96978639066,2019-10-01
2662,2019,10,molecule22,brand58,SKU136,7995.0,62293.613359441944,2019-10-01
2661,2019,10,molecule22,brand57,SKU135,19368.0,98905.46048566441,2019-10-01
2660,2019,10,molecule22,brand57,SKU134,8074.0,58490.6225235361,2019-10-01
2659,2019,10,molecule22,brand56,SKU133,91191.0,214355.0993420766,2019-10-01
2658,2019,10,molecule22,brand56,SKU132,90032.0,110061.81004467778,2019-10-01
2657,2019,10,molecule22,brand56,SKU131,280704.0,386845.32199725404,2019-10-01
2656,2019,10,molecule22,brand56,SKU130,4587.0,21752.281902393097,2019-10-01
2655,2019,10,molecule22,brand56,SKU129,19534.0,39997.06304437979,2019-10-01
2654,2019,10,molecule22,brand55,SKU128,836.0,37746.45414792209,2019-10-01
2653,2019,10,molecule22,brand54,SKU127,7851.0,15010.806615198353,2019-10-01
2652,2019,10,molecule22,brand54,SKU126,3798.0,11670.92661720646,2019-10-01
2663,2019,10,molecule22,brand58,SKU137,15513.0,79788.90069107091,2019-10-01
2622,2019,10,molecule14,brand31,SKU79,129.0,16635.910700877088,2019-10-01
2618,2019,10,molecule12,brand29,SKU74,145.0,290.7535785069367,2019-10-01
2620,2019,10,molecule13,brand30,SKU76,10458.0,224699.80733052047,2019-10-01
2591,2019,10,molecule5,brand10,SKU25,9532.0,263384.66217120574,2019-10-01
2590,2019,10,molecule5,brand10,SKU24,13603.0,235818.59394646532,2019-10-01
2589,2019,10,molecule5,brand9,SKU23,628.0,1302.925747632681,2019-10-01
2588,2019,10,molecule5,brand9,SKU22,738.0,1561.7736590028405,2019-10-01
2587,2019,10,molecule5,brand9,SKU21,292.0,778.2541593557382,2019-10-01
2586,2019,10,molecule5,brand8,SKU20,5561.0,32039.94064340338,2019-10-01
2585,2019,10,molecule5,brand7,SKU18,83321.0,395116.1636735332,2019-10-01
2584,2019,10,molecule5,brand7,SKU17,281659.0,701721.5718331777,2019-10-01
2583,2019,10,molecule5,brand7,SKU16,51990.0,218829.03879392488,2019-10-01
2582,2019,10,molecule5,brand7,SKU15,174343.0,380295.6561452041,2019-10-01
2580,2019,10,molecule5,brand7,SKU14,68754.0,226897.47240118138,2019-10-01
2579,2019,10,molecule5,brand6,SKU13,24881.0,117588.64350392314,2019-10-01
2578,2019,10,molecule5,brand6,SKU12,78581.0,227616.36488301688,2019-10-01
2577,2019,10,molecule5,brand6,SKU11,22214.0,118109.23682709756,2019-10-01
2576,2019,10,molecule5,brand6,SKU10,43967.0,119608.04824387912,2019-10-01
2575,2019,10,molecule5,brand6,SKU9,4995.0,30018.181525970907,2019-10-01
2574,2019,10,molecule5,brand6,SKU8,13110.0,50017.139711654985,2019-10-01
2573,2019,10,molecule4,brand5,SKU7,13.0,224.56118696322372,2019-10-01
2572,2019,10,molecule4,brand4,SKU6,946.0,5846.800062918804,2019-10-01
2571,2019,10,molecule3,brand3,SKU5,17923.0,66467.73666463565,2019-10-01
2570,2019,10,molecule3,brand3,SKU4,11190.0,52115.75974207674,2019-10-01
2569,2019,10,molecule2,brand2,SKU3,21030.0,10888.349878775998,2019-10-01
2568,2019,10,molecule2,brand2,SKU2,6393.0,5488.966574507881,2019-10-01
2592,2019,10,molecule5,brand10,SKU26,42166.0,555309.5838247073,2019-10-01
2593,2019,10,molecule5,brand10,SKU27,36059.0,701512.9192386115,2019-10-01
2581,2019,10,molecule5,brand7,SKU31,11193.0,71345.95020613326,2019-10-01
2595,2019,10,molecule6,brand14,SKU44,50806.0,162552.5054394344,2019-10-01
2594,2019,10,molecule5,brand11,SKU28,52267.0,468754.568543019,2019-10-01
2621,2019,10,molecule14,brand31,SKU78,412.0,28545.791202462362,2019-10-01
2617,2019,10,molecule11,brand28,SKU73,34049.0,500276.6858297362,2019-10-01
2616,2019,10,molecule9,brand25,SKU70,33687.0,744208.8184308005,2019-10-01
2615,2019,10,molecule9,brand25,SKU66,228124.0,2845136.3316467297,2019-10-01
2614,2019,10,molecule9,brand25,SKU65,14172.0,59958.46292214521,2019-10-01
2613,2019,10,molecule9,brand24,SKU68,24561.0,542800.7109633334,2019-10-01
2612,2019,10,molecule9,brand24,SKU69,11900.0,134639.23584880866,2019-10-01
2611,2019,10,molecule9,brand24,SKU64,20336.0,106337.06943346398,2019-10-01
2610,2019,10,molecule9,brand23,SKU63,27002.0,129927.5730313084,2019-10-01
2609,2019,10,molecule9,brand22,SKU62,40005.0,1270442.3782436054,2019-10-01
2608,2019,10,molecule9,brand21,SKU61,6710.0,205476.56403950058,2019-10-01
2619,2019,10,molecule12,brand29,SKU75,104.0,304.12155912794526,2019-10-01
2596,2019,10,molecule6,brand14,SKU45,11316.0,47253.17299711515,2019-10-01
2606,2019,10,molecule8,brand19,SKU58,69429.0,113926.09598760212,2019-10-01
2605,2019,10,molecule7,brand18,SKU57,1480.0,163826.16048636366,2019-10-01
2604,2019,10,molecule7,brand18,SKU56,729.0,80195.2512313101,2019-10-01
2603,2019,10,molecule6,brand16,SKU52,1448.0,10147.680278742591,2019-10-01
2602,2019,10,molecule6,brand16,SKU51,374.0,5893.427715732845,2019-10-01
2601,2019,10,molecule6,brand16,SKU50,949.0,10035.738629645108,2019-10-01
2600,2019,10,molecule6,brand15,SKU49,124115.0,594372.1860846349,2019-10-01
2599,2019,10,molecule6,brand15,SKU48,13782.0,109564.81786395448,2019-10-01
2598,2019,10,molecule6,brand15,SKU47,60334.0,365377.7468795496,2019-10-01
2597,2019,10,molecule6,brand14,SKU46,77148.0,210663.77298589176,2019-10-01
2607,2019,10,molecule8,brand20,SKU59,427.0,3015.4293955723633,2019-10-01
2748,2019,11,molecule16,brand37,SKU98,250143.0,932678.4708518562,2019-11-01
2749,2019,11,molecule16,brand39,SKU100,15149.0,173466.45051188552,2019-11-01
2750,2019,11,molecule18,brand44,SKU108,6.0,83.49092187980845,2019-11-01
2751,2019,11,molecule18,brand45,SKU109,104800.0,1216881.1275197675,2019-11-01
2757,2019,11,molecule21,brand50,SKU117,364.0,23919.034986045877,2019-11-01
2753,2019,11,molecule19,brand48,SKU113,135.0,15661.716827468203,2019-11-01
2754,2019,11,molecule20,brand49,SKU115,66.0,7063.758159631726,2019-11-01
2755,2019,11,molecule20,brand49,SKU116,19.0,2140.153807828135,2019-11-01
2756,2019,11,molecule21,brand50,SKU118,415.0,26494.712567824423,2019-11-01
2747,2019,11,molecule16,brand37,SKU97,88357.0,213142.74030085103,2019-11-01
2752,2019,11,molecule18,brand46,SKU110,25.0,252.5695696135758,2019-11-01
2746,2019,11,molecule16,brand37,SKU96,141802.0,688292.0916133444,2019-11-01
2739,2019,11,molecule16,brand36,SKU91,173567.0,848923.0324861109,2019-11-01
2744,2019,11,molecule16,brand41,SKU102,1876.0,6893.01700483779,2019-11-01
2743,2019,11,molecule16,brand40,SKU101,1923.0,6368.409070750121,2019-11-01
2742,2019,11,molecule16,brand36,SKU95,3.0,9.185431045852209,2019-11-01
2741,2019,11,molecule16,brand36,SKU94,339361.0,1254308.2339035785,2019-11-01
2740,2019,11,molecule16,brand36,SKU93,173328.0,354533.77960817,2019-11-01
2738,2019,11,molecule16,brand35,SKU90,707.0,5436.064060022566,2019-11-01
2737,2019,11,molecule16,brand35,SKU89,1326.0,26704.19623544962,2019-11-01
2736,2019,11,molecule16,brand34,SKU88,540.0,4579.329280324217,2019-11-01
2735,2019,11,molecule16,brand34,SKU87,2271.0,57123.31618906654,2019-11-01
2734,2019,11,molecule16,brand33,SKU85,15752.0,134716.5205879507,2019-11-01
2733,2019,11,molecule16,brand33,SKU84,2994.0,33847.019490595245,2019-11-01
2745,2019,11,molecule16,brand42,SKU103,399.0,2133.408175310131,2019-11-01
2758,2019,11,molecule22,brand51,SKU119,7226.0,74807.15239685691,2019-11-01
2784,2019,11,molecule28,brand71,SKU157,4411.0,117830.83142694274,2019-11-01
2760,2019,11,molecule22,brand51,SKU121,16597.0,127478.21831974566,2019-11-01
2732,2019,11,molecule16,brand33,SKU83,6126.0,38630.12857012417,2019-11-01
2783,2019,11,molecule27,brand69,SKU152,30602.0,105775.91553554272,2019-11-01
2782,2019,11,molecule27,brand69,SKU151,7125.0,37772.9963460499,2019-11-01
2781,2019,11,molecule27,brand68,SKU150,24954.0,112817.11723445228,2019-11-01
2780,2019,11,molecule27,brand68,SKU149,6167.0,51804.16904304338,2019-11-01
2779,2019,11,molecule26,brand67,SKU148,91.0,9292.189343649728,2019-11-01
2778,2019,11,molecule25,brand66,SKU146,107.0,1179.1918869715191,2019-11-01
2777,2019,11,molecule25,brand65,SKU147,36901.0,81809.90897533874,2019-11-01
2776,2019,11,molecule25,brand65,SKU145,26352.0,37313.67614462574,2019-11-01
2775,2019,11,molecule25,brand64,SKU144,6085.0,2824.4830047766322,2019-11-01
2774,2019,11,molecule24,brand61,SKU141,17046.0,323465.63699426077,2019-11-01
2759,2019,11,molecule22,brand51,SKU120,24536.0,139349.08135753984,2019-11-01
2773,2019,11,molecule24,brand60,SKU140,1662.0,36919.92464009668,2019-11-01
2771,2019,11,molecule22,brand58,SKU136,5322.0,42105.63618213158,2019-11-01
2770,2019,11,molecule22,brand57,SKU135,18165.0,92618.55682376637,2019-11-01
2769,2019,11,molecule22,brand57,SKU134,7521.0,54217.48780317834,2019-11-01
2768,2019,11,molecule22,brand56,SKU133,96277.0,222560.5100829437,2019-11-01
2767,2019,11,molecule22,brand56,SKU132,78656.0,96155.5194871419,2019-11-01
2766,2019,11,molecule22,brand56,SKU131,266712.0,343747.31042386574,2019-11-01
2765,2019,11,molecule22,brand56,SKU130,4021.0,19024.38980878658,2019-11-01
2764,2019,11,molecule22,brand56,SKU129,19148.0,39097.61793686394,2019-11-01
2763,2019,11,molecule22,brand55,SKU128,638.0,29030.026364544174,2019-11-01
2762,2019,11,molecule22,brand54,SKU127,6597.0,13045.923218760436,2019-11-01
2761,2019,11,molecule22,brand54,SKU126,3776.0,11654.32447774099,2019-11-01
2772,2019,11,molecule22,brand58,SKU137,10659.0,56443.95134543637,2019-11-01
2730,2019,11,molecule16,brand33,SKU81,7392.0,86496.8264344849,2019-11-01
2731,2019,11,molecule16,brand33,SKU82,2108.0,45419.1991399989,2019-11-01
2689,2019,11,molecule5,brand7,SKU15,152999.0,332089.5788282911,2019-11-01
2700,2019,11,molecule5,brand10,SKU27,40900.0,772767.3964915347,2019-11-01
2699,2019,11,molecule5,brand10,SKU26,41158.0,531516.3502992983,2019-11-01
2698,2019,11,molecule5,brand10,SKU25,11951.0,319072.87876346975,2019-11-01
2696,2019,11,molecule5,brand9,SKU23,559.0,1264.227289139991,2019-11-01
2695,2019,11,molecule5,brand9,SKU22,757.0,1632.2615423090767,2019-11-01
2694,2019,11,molecule5,brand9,SKU21,295.0,758.0914668195668,2019-11-01
2693,2019,11,molecule5,brand8,SKU20,24583.0,123960.22467560465,2019-11-01
2692,2019,11,molecule5,brand7,SKU18,76441.0,361417.9575385109,2019-11-01
2691,2019,11,molecule5,brand7,SKU17,253790.0,628839.9105584414,2019-11-01
2690,2019,11,molecule5,brand7,SKU16,49964.0,209714.69586231973,2019-11-01
2688,2019,11,molecule5,brand7,SKU31,10700.0,67854.81396487246,2019-11-01
2701,2019,11,molecule5,brand11,SKU28,59401.0,518885.840918663,2019-11-01
2687,2019,11,molecule5,brand7,SKU14,69209.0,227843.1227301616,2019-11-01
2685,2019,11,molecule5,brand6,SKU12,81681.0,235385.01235786462,2019-11-01
2684,2019,11,molecule5,brand6,SKU11,20838.0,110264.7678301201,2019-11-01
2683,2019,11,molecule5,brand6,SKU10,43056.0,116336.02193025121,2019-11-01
2682,2019,11,molecule5,brand6,SKU9,5272.0,31732.373267784224,2019-11-01
2681,2019,11,molecule5,brand6,SKU8,14279.0,54350.831530419084,2019-11-01
2680,2019,11,molecule4,brand4,SKU6,763.0,4704.643024965437,2019-11-01
2679,2019,11,molecule3,brand3,SKU5,18064.0,66307.18516582213,2019-11-01
2678,2019,11,molecule3,brand3,SKU4,18846.0,87355.16184594721,2019-11-01
2677,2019,11,molecule2,brand2,SKU3,19801.0,10214.650817205811,2019-11-01
2676,2019,11,molecule2,brand2,SKU2,6616.0,5646.052095491468,2019-11-01
2729,2019,11,molecule14,brand31,SKU79,145.0,18187.36584470769,2019-11-01
2686,2019,11,molecule5,brand6,SKU13,27228.0,128262.36484940829,2019-11-01
2702,2019,11,molecule6,brand14,SKU44,48594.0,159028.64989398498,2019-11-01
2697,2019,11,molecule5,brand10,SKU24,12701.0,218435.00094171675,2019-11-01
2704,2019,11,molecule6,brand14,SKU46,77519.0,215952.221320905,2019-11-01
2728,2019,11,molecule14,brand31,SKU78,427.0,28051.64485555946,2019-11-01
2727,2019,11,molecule13,brand30,SKU76,8162.0,172961.73824043566,2019-11-01
2726,2019,11,molecule12,brand29,SKU75,198.0,577.9315953752143,2019-11-01
2725,2019,11,molecule12,brand29,SKU74,217.0,434.324350463797,2019-11-01
2724,2019,11,molecule11,brand28,SKU73,20505.0,302490.56709694024,2019-11-01
2723,2019,11,molecule9,brand25,SKU70,76831.0,1692183.1941246702,2019-11-01
2722,2019,11,molecule9,brand25,SKU66,111973.0,1394485.3141715436,2019-11-01
2721,2019,11,molecule9,brand25,SKU65,15029.0,63441.17265538925,2019-11-01
2703,2019,11,molecule6,brand14,SKU45,10992.0,46132.21760782177,2019-11-01
2719,2019,11,molecule9,brand24,SKU69,11690.0,132168.2055845667,2019-11-01
2718,2019,11,molecule9,brand24,SKU64,18652.0,97234.24897932724,2019-11-01
2717,2019,11,molecule9,brand23,SKU63,24683.0,118603.83315084178,2019-11-01
2716,2019,11,molecule9,brand22,SKU62,43147.0,1367179.265214945,2019-11-01
2720,2019,11,molecule9,brand24,SKU68,19569.0,432333.720260762,2019-11-01
2705,2019,11,molecule6,brand15,SKU47,55823.0,337713.3141145866,2019-11-01
2714,2019,11,molecule8,brand20,SKU59,493.0,3473.3318040959575,2019-11-01
2713,2019,11,molecule8,brand19,SKU58,70249.0,115141.8545774143,2019-11-01
2712,2019,11,molecule7,brand18,SKU57,1772.0,189924.91974157884,2019-11-01
2711,2019,11,molecule7,brand18,SKU56,811.0,89829.23894811216,2019-11-01
2710,2019,11,molecule6,brand16,SKU52,1486.0,10288.80492216474,2019-11-01
2709,2019,11,molecule6,brand16,SKU51,421.0,6903.74335503648,2019-11-01
2708,2019,11,molecule6,brand16,SKU50,1030.0,10874.411586840159,2019-11-01
2707,2019,11,molecule6,brand15,SKU49,123411.0,588880.1787280113,2019-11-01
2706,2019,11,molecule6,brand15,SKU48,12749.0,100738.36836779336,2019-11-01
2715,2019,11,molecule9,brand21,SKU61,6459.0,199428.9262042552,2019-11-01
2857,2019,12,molecule16,brand37,SKU97,90729.0,213133.9490232364,2019-12-01
2858,2019,12,molecule16,brand37,SKU98,263231.0,955334.8266737254,2019-12-01
2859,2019,12,molecule16,brand39,SKU100,17106.0,191171.51104836198,2019-12-01
2860,2019,12,molecule18,brand44,SKU108,13.0,131.598531486469,2019-12-01
2861,2019,12,molecule18,brand45,SKU109,109243.0,1234001.825924078,2019-12-01
2866,2019,12,molecule20,brand49,SKU116,31.0,3361.6211277841903,2019-12-01
2863,2019,12,molecule18,brand46,SKU111,4078.0,43882.92319652793,2019-12-01
2864,2019,12,molecule19,brand48,SKU113,3.0,337.0034628703349,2019-12-01
2865,2019,12,molecule20,brand49,SKU115,88.0,9382.329601739351,2019-12-01
2856,2019,12,molecule16,brand37,SKU96,147350.0,695496.2232286392,2019-12-01
2862,2019,12,molecule18,brand46,SKU110,4766.0,48770.56432986815,2019-12-01
2855,2019,12,molecule16,brand42,SKU103,1162.0,6103.400948620802,2019-12-01
2842,2019,12,molecule16,brand33,SKU82,1580.0,33408.50300701033,2019-12-01
2853,2019,12,molecule16,brand40,SKU101,2073.0,6650.468874586573,2019-12-01
2852,2019,12,molecule16,brand36,SKU94,387368.0,1391848.4051969752,2019-12-01
2851,2019,12,molecule16,brand36,SKU93,187691.0,373366.32306221017,2019-12-01
2850,2019,12,molecule16,brand36,SKU91,209726.0,1000027.8054790238,2019-12-01
2849,2019,12,molecule16,brand35,SKU90,952.0,7275.420316380742,2019-12-01
2848,2019,12,molecule16,brand35,SKU89,1524.0,30095.981825417886,2019-12-01
2847,2019,12,molecule16,brand34,SKU88,437.0,3631.9421418617303,2019-12-01
2846,2019,12,molecule16,brand34,SKU87,2611.0,64128.98408240267,2019-12-01
2845,2019,12,molecule16,brand33,SKU85,8382.0,70152.64466506649,2019-12-01
2844,2019,12,molecule16,brand33,SKU84,8294.0,88004.25559153818,2019-12-01
2843,2019,12,molecule16,brand33,SKU83,7292.0,44649.78906365422,2019-12-01
2867,2019,12,molecule21,brand50,SKU118,600.0,31670.649135423944,2019-12-01
2854,2019,12,molecule16,brand41,SKU102,1810.0,6482.870585612221,2019-12-01
2868,2019,12,molecule21,brand50,SKU117,446.0,33724.97493679103,2019-12-01
2895,2019,12,molecule27,brand69,SKU152,33829.0,113772.68959165808,2019-12-01
2870,2019,12,molecule22,brand51,SKU120,24828.0,135580.68265477044,2019-12-01
2894,2019,12,molecule27,brand69,SKU151,7581.0,39056.40196865541,2019-12-01
2893,2019,12,molecule27,brand68,SKU150,30354.0,134513.3545481763,2019-12-01
2892,2019,12,molecule27,brand68,SKU149,6830.0,55923.003333160625,2019-12-01
2896,2019,12,molecule28,brand71,SKU157,5111.0,132757.266102221,2019-12-01
2890,2019,12,molecule25,brand66,SKU146,101.0,1075.0030166517072,2019-12-01
2889,2019,12,molecule25,brand65,SKU147,36848.0,77468.26506225795,2019-12-01
2888,2019,12,molecule25,brand65,SKU145,38883.0,53193.837073898314,2019-12-01
2887,2019,12,molecule25,brand64,SKU144,5966.0,2691.967526565862,2019-12-01
2886,2019,12,molecule24,brand61,SKU141,22422.0,414326.43412334786,2019-12-01
2885,2019,12,molecule24,brand62,SKU142,2152.0,36581.61629599256,2019-12-01
2884,2019,12,molecule24,brand60,SKU140,1866.0,40275.87610619466,2019-12-01
2869,2019,12,molecule22,brand51,SKU119,7031.0,70477.01014004872,2019-12-01
2883,2019,12,molecule22,brand58,SKU137,8919.0,46747.572005300186,2019-12-01
2881,2019,12,molecule22,brand57,SKU135,21567.0,106636.53940127292,2019-12-01
2880,2019,12,molecule22,brand57,SKU134,8256.0,58175.95262120287,2019-12-01
2879,2019,12,molecule22,brand56,SKU133,95250.0,209638.11710887868,2019-12-01
2878,2019,12,molecule22,brand56,SKU132,75662.0,90242.19307978914,2019-12-01
2877,2019,12,molecule22,brand56,SKU131,275260.0,341401.93634493434,2019-12-01
2876,2019,12,molecule22,brand56,SKU130,3258.0,14969.860203631477,2019-12-01
2875,2019,12,molecule22,brand56,SKU129,19855.0,39504.62352047392,2019-12-01
2874,2019,12,molecule22,brand55,SKU128,1156.0,48985.16855888462,2019-12-01
2873,2019,12,molecule22,brand54,SKU127,7285.0,14217.62752769077,2019-12-01
2872,2019,12,molecule22,brand54,SKU126,3704.0,11020.117178522325,2019-12-01
2871,2019,12,molecule22,brand51,SKU121,18652.0,139067.72332958048,2019-12-01
2882,2019,12,molecule22,brand58,SKU136,3940.0,30840.399855940454,2019-12-01
2841,2019,12,molecule16,brand33,SKU81,13389.0,150933.29197653703,2019-12-01
2891,2019,12,molecule26,brand67,SKU148,35.0,3464.38923673052,2019-12-01
2839,2019,12,molecule14,brand31,SKU78,295.0,19688.84968714102,2019-12-01
2809,2019,12,molecule5,brand10,SKU25,11065.0,292631.16436899925,2019-12-01
2808,2019,12,molecule5,brand10,SKU24,14850.0,247689.1422169903,2019-12-01
2807,2019,12,molecule5,brand9,SKU23,518.0,1093.7402336822142,2019-12-01
2806,2019,12,molecule5,brand9,SKU22,719.0,1492.4309842605421,2019-12-01
2805,2019,12,molecule5,brand9,SKU21,138.0,368.56436041834286,2019-12-01
2804,2019,12,molecule5,brand8,SKU20,12613.0,66842.40761629165,2019-12-01
2803,2019,12,molecule5,brand8,SKU19,1065.0,8831.684537165987,2019-12-01
2802,2019,12,molecule5,brand7,SKU18,73708.0,337943.72168434504,2019-12-01
2801,2019,12,molecule5,brand7,SKU17,275254.0,666410.9907357184,2019-12-01
2800,2019,12,molecule5,brand7,SKU16,34875.0,141945.82865954374,2019-12-01
2799,2019,12,molecule5,brand7,SKU15,184154.0,388460.40119839524,2019-12-01
2798,2019,12,molecule5,brand7,SKU31,10081.0,62155.55734881317,2019-12-01
2797,2019,12,molecule5,brand7,SKU14,70717.0,226489.34150615436,2019-12-01
2796,2019,12,molecule5,brand6,SKU13,29716.0,136975.3897080841,2019-12-01
2795,2019,12,molecule5,brand6,SKU12,83912.0,235620.20101662126,2019-12-01
2794,2019,12,molecule5,brand6,SKU11,24646.0,127208.30391867136,2019-12-01
2793,2019,12,molecule5,brand6,SKU10,49449.0,130214.8323660963,2019-12-01
2792,2019,12,molecule5,brand6,SKU9,6808.0,39977.49388408135,2019-12-01
2791,2019,12,molecule5,brand6,SKU8,13503.0,49900.51456168518,2019-12-01
2790,2019,12,molecule4,brand4,SKU6,4191.0,28816.652320915382,2019-12-01
2789,2019,12,molecule3,brand3,SKU5,17071.0,60248.97508033687,2019-12-01
2788,2019,12,molecule3,brand3,SKU4,15397.0,70023.53312092622,2019-12-01
2787,2019,12,molecule2,brand2,SKU3,21441.0,10773.15370763907,2019-12-01
2785,2019,12,molecule1,brand1,SKU1,936.0,7749.943163477951,2019-12-01
2840,2019,12,molecule14,brand31,SKU79,210.0,27175.194343787047,2019-12-01
2810,2019,12,molecule5,brand10,SKU26,49138.0,618695.1018355993,2019-12-01
2811,2019,12,molecule5,brand10,SKU27,46251.0,849748.1298266411,2019-12-01
2786,2019,12,molecule2,brand2,SKU2,8096.0,6721.676941738222,2019-12-01
2813,2019,12,molecule6,brand14,SKU44,49703.0,159080.44379770517,2019-12-01
2812,2019,12,molecule5,brand11,SKU28,65053.0,549687.4734234728,2019-12-01
2838,2019,12,molecule13,brand30,SKU76,3641.0,75371.074988946,2019-12-01
2836,2019,12,molecule12,brand29,SKU74,129.0,251.0842631781458,2019-12-01
2835,2019,12,molecule11,brand28,SKU73,21828.0,312797.02114780905,2019-12-01
2834,2019,12,molecule9,brand25,SKU70,139075.0,2970813.3513148394,2019-12-01
2833,2019,12,molecule9,brand25,SKU66,27916.0,345786.322488476,2019-12-01
2832,2019,12,molecule9,brand25,SKU65,16773.0,68803.50504986005,2019-12-01
2831,2019,12,molecule9,brand24,SKU68,25393.0,542263.8960384519,2019-12-01
2830,2019,12,molecule9,brand24,SKU69,12610.0,139152.105380729,2019-12-01
2829,2019,12,molecule9,brand24,SKU64,24225.0,123292.95818580397,2019-12-01
2828,2019,12,molecule9,brand23,SKU63,28680.0,134144.27739108226,2019-12-01
2827,2019,12,molecule9,brand22,SKU62,47306.0,1457393.7793474959,2019-12-01
2837,2019,12,molecule12,brand29,SKU75,91.0,258.3021247488352,2019-12-01
2825,2019,12,molecule8,brand20,SKU59,462.0,3166.3191337327544,2019-12-01
2815,2019,12,molecule6,brand14,SKU46,77368.0,210186.75934406885,2019-12-01
2814,2019,12,molecule6,brand14,SKU45,10238.0,41867.25309972214,2019-12-01
2816,2019,12,molecule6,brand15,SKU47,71371.0,418524.28929647093,2019-12-01
2826,2019,12,molecule9,brand21,SKU61,7213.0,215332.83608285358,2019-12-01
2818,2019,12,molecule6,brand15,SKU49,128834.0,598057.3607362005,2019-12-01
2817,2019,12,molecule6,brand15,SKU48,13983.0,107309.21057851717,2019-12-01
2820,2019,12,molecule6,brand16,SKU51,650.0,10059.743796749075,2019-12-01
2821,2019,12,molecule6,brand16,SKU52,1464.0,9721.718600914552,2019-12-01
2822,2019,12,molecule7,brand18,SKU56,741.0,80019.94645756838,2019-12-01
2823,2019,12,molecule7,brand18,SKU57,2664.0,281856.300685314,2019-12-01
2824,2019,12,molecule8,brand19,SKU58,68411.0,108893.81501970912,2019-12-01
2819,2019,12,molecule6,brand16,SKU50,1134.0,11703.52631472368,2019-12-01
2965,2020,1,molecule16,brand37,SKU96,149087.0,700038.3379867335,2020-01-01
2966,2020,1,molecule16,brand37,SKU97,92432.0,215185.4648327834,2020-01-01
2967,2020,1,molecule16,brand37,SKU98,303795.0,1096869.246004813,2020-01-01
2968,2020,1,molecule16,brand39,SKU100,18850.0,210935.858359894,2020-01-01
2973,2020,1,molecule20,brand49,SKU115,6.0,725.8299264799629,2020-01-01
2970,2020,1,molecule18,brand45,SKU109,118447.0,1338425.343487805,2020-01-01
2971,2020,1,molecule18,brand46,SKU110,3798.0,38773.92022666261,2020-01-01
2972,2020,1,molecule18,brand46,SKU111,1904.0,20481.868898733825,2020-01-01
2974,2020,1,molecule20,brand49,SKU116,63.0,6567.855620245635,2020-01-01
2969,2020,1,molecule18,brand44,SKU108,13.0,127.97094258637576,2020-01-01
2964,2020,1,molecule16,brand42,SKU103,936.0,4804.650225505749,2020-01-01
2958,2020,1,molecule16,brand35,SKU90,905.0,6818.935896913763,2020-01-01
2962,2020,1,molecule16,brand40,SKU101,2224.0,7169.486724448353,2020-01-01
2961,2020,1,molecule16,brand36,SKU94,337008.0,1203785.0470686725,2020-01-01
2960,2020,1,molecule16,brand36,SKU93,166973.0,329822.42740131466,2020-01-01
2959,2020,1,molecule16,brand36,SKU91,184826.0,875020.9539704503,2020-01-01
2957,2020,1,molecule16,brand35,SKU89,1960.0,38961.26309647175,2020-01-01
2956,2020,1,molecule16,brand34,SKU88,452.0,3772.8370624566196,2020-01-01
2955,2020,1,molecule16,brand34,SKU87,3000.0,73836.78387049191,2020-01-01
2954,2020,1,molecule16,brand33,SKU85,4068.0,34541.675192291295,2020-01-01
2953,2020,1,molecule16,brand33,SKU84,8617.0,90523.59072185506,2020-01-01
2975,2020,1,molecule21,brand50,SKU118,704.0,51099.23760146187,2020-01-01
2952,2020,1,molecule16,brand33,SKU83,5404.0,33052.28824242738,2020-01-01
2963,2020,1,molecule16,brand41,SKU102,2592.0,9231.519405967334,2020-01-01
2976,2020,1,molecule21,brand50,SKU117,716.0,52150.93541703482,2020-01-01
2989,2020,1,molecule22,brand57,SKU135,19013.0,91563.52468512433,2020-01-01
2978,2020,1,molecule22,brand51,SKU120,21906.0,115831.74387888759,2020-01-01
2951,2020,1,molecule16,brand33,SKU82,710.0,14823.078902129819,2020-01-01
3002,2020,1,molecule28,brand71,SKU157,4222.0,116230.16428594202,2020-01-01
3001,2020,1,molecule27,brand69,SKU152,37976.0,127509.16064478169,2020-01-01
2999,2020,1,molecule27,brand68,SKU150,32437.0,136726.00771290198,2020-01-01
2998,2020,1,molecule27,brand68,SKU149,6418.0,44187.19957782442,2020-01-01
2997,2020,1,molecule25,brand66,SKU146,107.0,1157.1196719221423,2020-01-01
2996,2020,1,molecule25,brand65,SKU147,41431.0,83908.88861587564,2020-01-01
2995,2020,1,molecule25,brand65,SKU145,31598.0,42890.69092419377,2020-01-01
2994,2020,1,molecule25,brand64,SKU144,104.0,46.31258056747839,2020-01-01
2993,2020,1,molecule24,brand61,SKU141,20288.0,373512.0307128042,2020-01-01
2992,2020,1,molecule24,brand62,SKU142,4863.0,82876.6051337852,2020-01-01
2991,2020,1,molecule22,brand58,SKU137,13223.0,67391.86968913458,2020-01-01
2990,2020,1,molecule22,brand58,SKU136,5765.0,43735.963378589084,2020-01-01
2988,2020,1,molecule22,brand57,SKU134,7713.0,53127.790182626,2020-01-01
2987,2020,1,molecule22,brand56,SKU133,85310.0,185818.12563785937,2020-01-01
2986,2020,1,molecule22,brand56,SKU132,72037.0,85372.08992046065,2020-01-01
2985,2020,1,molecule22,brand56,SKU131,276715.0,337820.6703168807,2020-01-01
2984,2020,1,molecule22,brand56,SKU130,3547.0,16420.86585699535,2020-01-01
2983,2020,1,molecule22,brand56,SKU129,21919.0,43766.888923370905,2020-01-01
2982,2020,1,molecule22,brand55,SKU128,707.0,28202.473334938783,2020-01-01
2981,2020,1,molecule22,brand54,SKU127,8649.0,16916.992475738574,2020-01-01
2980,2020,1,molecule22,brand54,SKU126,4178.0,12477.644272489028,2020-01-01
2979,2020,1,molecule22,brand51,SKU121,17241.0,124681.92350640999,2020-01-01
2977,2020,1,molecule22,brand51,SKU119,8303.0,82464.73587711225,2020-01-01
2950,2020,1,molecule16,brand33,SKU81,17097.0,191315.405650043,2020-01-01
3000,2020,1,molecule27,brand69,SKU151,7892.0,40258.903909925524,2020-01-01
2948,2020,1,molecule14,brand31,SKU78,355.0,24007.878200964842,2020-01-01
2919,2020,1,molecule5,brand9,SKU23,547.0,1086.3633109075495,2020-01-01
2918,2020,1,molecule5,brand9,SKU22,97.0,198.19908123943605,2020-01-01
2917,2020,1,molecule5,brand9,SKU21,157.0,411.4570277506265,2020-01-01
2916,2020,1,molecule5,brand8,SKU20,13515.0,71441.21713770025,2020-01-01
2915,2020,1,molecule5,brand8,SKU19,7656.0,65976.59258544158,2020-01-01
2914,2020,1,molecule5,brand7,SKU18,77710.0,356816.7368521273,2020-01-01
2913,2020,1,molecule5,brand7,SKU17,291012.0,700935.2222587675,2020-01-01
2912,2020,1,molecule5,brand7,SKU16,62599.0,253960.95359804836,2020-01-01
2911,2020,1,molecule5,brand7,SKU15,188580.0,396295.07884521905,2020-01-01
2910,2020,1,molecule5,brand7,SKU31,11018.0,68415.55029688188,2020-01-01
2909,2020,1,molecule5,brand7,SKU14,69633.0,223557.44174809864,2020-01-01
2908,2020,1,molecule5,brand6,SKU13,28551.0,130193.96937047281,2020-01-01
2907,2020,1,molecule5,brand6,SKU12,81527.0,227214.3605115162,2020-01-01
2906,2020,1,molecule5,brand6,SKU11,23549.0,120561.23306913904,2020-01-01
2905,2020,1,molecule5,brand6,SKU10,48406.0,126902.47815486378,2020-01-01
2904,2020,1,molecule5,brand6,SKU9,6560.0,37717.9346426683,2020-01-01
2903,2020,1,molecule5,brand6,SKU8,15560.0,57009.61611636746,2020-01-01
2902,2020,1,molecule4,brand4,SKU6,1706.0,12174.593025007662,2020-01-01
2901,2020,1,molecule3,brand3,SKU5,21583.0,77708.64317852065,2020-01-01
2900,2020,1,molecule3,brand3,SKU4,14938.0,68721.23139587973,2020-01-01
2899,2020,1,molecule2,brand2,SKU3,21309.0,10737.395159811638,2020-01-01
2898,2020,1,molecule2,brand2,SKU2,6500.0,5465.878860088493,2020-01-01
2897,2020,1,molecule1,brand1,SKU1,537.0,4385.375018545898,2020-01-01
2920,2020,1,molecule5,brand10,SKU24,15124.0,249564.98647000428,2020-01-01
2921,2020,1,molecule5,brand10,SKU25,10779.0,288893.9985266586,2020-01-01
2949,2020,1,molecule14,brand31,SKU79,261.0,32166.843585979666,2020-01-01
2923,2020,1,molecule5,brand10,SKU27,42525.0,780944.7849845763,2020-01-01
2922,2020,1,molecule5,brand10,SKU26,53124.0,666055.1357237094,2020-01-01
2947,2020,1,molecule13,brand30,SKU76,204.0,4272.892612364054,2020-01-01
2946,2020,1,molecule11,brand28,SKU73,27794.0,398030.2667192885,2020-01-01
2945,2020,1,molecule9,brand25,SKU70,139160.0,2960492.827360479,2020-01-01
2944,2020,1,molecule9,brand25,SKU66,631.0,7280.284516392161,2020-01-01
2943,2020,1,molecule9,brand25,SKU65,16217.0,66267.29666280944,2020-01-01
2942,2020,1,molecule9,brand24,SKU68,22340.0,465598.8754436685,2020-01-01
2940,2020,1,molecule9,brand24,SKU64,20238.0,103463.63890621466,2020-01-01
2939,2020,1,molecule9,brand23,SKU63,25852.0,121211.15177124098,2020-01-01
2938,2020,1,molecule9,brand22,SKU62,34586.0,1061180.2802234092,2020-01-01
2937,2020,1,molecule9,brand21,SKU61,6465.0,192527.3787391439,2020-01-01
2936,2020,1,molecule8,brand19,SKU58,63853.0,101234.15426118764,2020-01-01
2941,2020,1,molecule9,brand24,SKU69,8523.0,93953.13474194048,2020-01-01
2934,2020,1,molecule7,brand18,SKU56,688.0,72960.82949743359,2020-01-01
2933,2020,1,molecule6,brand16,SKU52,1762.0,11682.021381435568,2020-01-01
2932,2020,1,molecule6,brand16,SKU51,631.0,9606.861937179952,2020-01-01
2931,2020,1,molecule6,brand16,SKU50,930.0,9367.427101626681,2020-01-01
2924,2020,1,molecule5,brand11,SKU28,67613.0,572141.2764809942,2020-01-01
2930,2020,1,molecule6,brand15,SKU49,130879.0,603861.513674871,2020-01-01
2929,2020,1,molecule6,brand15,SKU48,14043.0,107321.81434494918,2020-01-01
2928,2020,1,molecule6,brand15,SKU47,69809.0,406906.5960983722,2020-01-01
2927,2020,1,molecule6,brand14,SKU46,82090.0,225611.051357499,2020-01-01
2926,2020,1,molecule6,brand14,SKU45,12032.0,49680.642373412644,2020-01-01
2925,2020,1,molecule6,brand14,SKU44,51648.0,166725.13738329976,2020-01-01
2935,2020,1,molecule7,brand18,SKU57,2586.0,275082.7441909701,2020-01-01
3071,2020,2,molecule16,brand42,SKU103,3698.0,18799.010990779956,2020-02-01
3072,2020,2,molecule16,brand37,SKU96,132679.0,611987.572180395,2020-02-01
3073,2020,2,molecule16,brand37,SKU97,80145.0,185112.3893678486,2020-02-01
3074,2020,2,molecule16,brand37,SKU98,247994.0,886633.0025357587,2020-02-01
3079,2020,2,molecule18,brand46,SKU111,1561.0,16430.136954872865,2020-02-01
3076,2020,2,molecule18,brand44,SKU108,13.0,147.9279676973929,2020-02-01
3077,2020,2,molecule18,brand45,SKU109,102988.0,1145981.7282195035,2020-02-01
3078,2020,2,molecule18,brand46,SKU110,4169.0,41843.9231761344,2020-02-01
3070,2020,2,molecule16,brand41,SKU102,4656.0,16348.36329472228,2020-02-01
3075,2020,2,molecule16,brand39,SKU100,17998.0,199398.38692222608,2020-02-01
3069,2020,2,molecule16,brand40,SKU101,4144.0,13008.650617723119,2020-02-01
3057,2020,2,molecule16,brand33,SKU81,10022.0,109443.87279015465,2020-02-01
3067,2020,2,molecule16,brand36,SKU93,162021.0,315210.2461812122,2020-02-01
3066,2020,2,molecule16,brand36,SKU91,172417.0,803990.9981968581,2020-02-01
3065,2020,2,molecule16,brand35,SKU90,955.0,7012.706367366179,2020-02-01
3064,2020,2,molecule16,brand35,SKU89,1970.0,38277.372612668936,2020-02-01
3063,2020,2,molecule16,brand34,SKU88,286.0,2282.4403292427096,2020-02-01
3062,2020,2,molecule16,brand34,SKU87,1750.0,42521.75813865999,2020-02-01
3061,2020,2,molecule16,brand33,SKU85,723.0,6066.584740129202,2020-02-01
3060,2020,2,molecule16,brand33,SKU84,8790.0,90775.68216910296,2020-02-01
3059,2020,2,molecule16,brand33,SKU83,3980.0,24093.734047779908,2020-02-01
3058,2020,2,molecule16,brand33,SKU82,4112.0,84715.04121735114,2020-02-01
3080,2020,2,molecule20,brand49,SKU115,85.0,8765.410926847992,2020-02-01
3068,2020,2,molecule16,brand36,SKU94,311348.0,1094890.5150670984,2020-02-01
3081,2020,2,molecule21,brand50,SKU118,609.0,42275.0816850379,2020-02-01
3094,2020,2,molecule22,brand57,SKU134,8928.0,60841.53493312033,2020-02-01
3083,2020,2,molecule22,brand51,SKU119,10521.0,103987.96649768447,2020-02-01
3056,2020,2,molecule14,brand31,SKU79,254.0,31629.477933629172,2020-02-01
3107,2020,2,molecule27,brand69,SKU152,31460.0,104064.31651088313,2020-02-01
3106,2020,2,molecule27,brand69,SKU151,6434.0,32287.983116816147,2020-02-01
3105,2020,2,molecule27,brand68,SKU150,27338.0,114294.24835616713,2020-02-01
3104,2020,2,molecule27,brand68,SKU149,5897.0,39831.242835754565,2020-02-01
3103,2020,2,molecule26,brand67,SKU148,97.0,10156.843292133944,2020-02-01
3102,2020,2,molecule25,brand65,SKU147,35641.0,69714.3911888747,2020-02-01
3101,2020,2,molecule25,brand65,SKU145,26261.0,34864.339384102364,2020-02-01
3100,2020,2,molecule25,brand64,SKU144,163.0,69.20536665518672,2020-02-01
3099,2020,2,molecule24,brand61,SKU141,14687.0,268402.9196951517,2020-02-01
3098,2020,2,molecule24,brand62,SKU142,5033.0,84348.74723593607,2020-02-01
3082,2020,2,molecule21,brand50,SKU117,694.0,41343.18593765357,2020-02-01
3097,2020,2,molecule22,brand58,SKU137,14357.0,72315.96227610124,2020-02-01
3095,2020,2,molecule22,brand57,SKU135,18906.0,89645.73906528429,2020-02-01
3093,2020,2,molecule22,brand56,SKU133,86491.0,182161.85213798395,2020-02-01
3092,2020,2,molecule22,brand56,SKU132,71892.0,83969.17398649751,2020-02-01
3091,2020,2,molecule22,brand56,SKU131,271823.0,331802.64026039484,2020-02-01
3090,2020,2,molecule22,brand56,SKU130,3575.0,16229.82113932014,2020-02-01
3089,2020,2,molecule22,brand56,SKU129,18777.0,36618.72640153155,2020-02-01
3088,2020,2,molecule22,brand55,SKU128,603.0,23564.963949851423,2020-02-01
3087,2020,2,molecule22,brand54,SKU127,9393.0,18121.20170445549,2020-02-01
3086,2020,2,molecule22,brand54,SKU126,4298.0,12671.608973704919,2020-02-01
3085,2020,2,molecule22,brand51,SKU121,15852.0,113397.9072580464,2020-02-01
3084,2020,2,molecule22,brand51,SKU120,27740.0,144425.36822984339,2020-02-01
3096,2020,2,molecule22,brand58,SKU136,5212.0,38916.91608242555,2020-02-01
3108,2020,2,molecule28,brand71,SKU157,4665.0,126607.28502523906,2020-02-01
3055,2020,2,molecule14,brand31,SKU78,324.0,21420.264194342155,2020-02-01
3053,2020,2,molecule11,brand28,SKU73,21919.0,312795.94856577285,2020-02-01
3025,2020,2,molecule5,brand9,SKU22,82.0,159.53731890938437,2020-02-01
3024,2020,2,molecule5,brand9,SKU21,327.0,851.088236311787,2020-02-01
3023,2020,2,molecule5,brand8,SKU20,12972.0,67945.77086508131,2020-02-01
3022,2020,2,molecule5,brand8,SKU19,4260.0,38534.30277010146,2020-02-01
3021,2020,2,molecule5,brand7,SKU18,88489.0,399889.1457657587,2020-02-01
3020,2020,2,molecule5,brand7,SKU17,299658.0,710724.3612062426,2020-02-01
3019,2020,2,molecule5,brand7,SKU16,58427.0,233372.4630584673,2020-02-01
3018,2020,2,molecule5,brand7,SKU15,193569.0,404093.56292179134,2020-02-01
3017,2020,2,molecule5,brand7,SKU31,12623.0,76958.58628672748,2020-02-01
3016,2020,2,molecule5,brand7,SKU14,74525.0,237669.7394805027,2020-02-01
3014,2020,2,molecule5,brand6,SKU12,72090.0,198553.12589131566,2020-02-01
3013,2020,2,molecule5,brand6,SKU11,22057.0,111846.96824848247,2020-02-01
3012,2020,2,molecule5,brand6,SKU10,46901.0,121380.45755132423,2020-02-01
3011,2020,2,molecule5,brand6,SKU9,5828.0,33211.69651772414,2020-02-01
3010,2020,2,molecule5,brand6,SKU8,13298.0,48206.93375072098,2020-02-01
3009,2020,2,molecule4,brand5,SKU7,3.0,57.04845391020543,2020-02-01
3008,2020,2,molecule4,brand4,SKU6,3553.0,24821.38113570262,2020-02-01
3007,2020,2,molecule3,brand3,SKU5,14725.0,52762.15973267702,2020-02-01
3006,2020,2,molecule3,brand3,SKU4,11442.0,51515.85118606974,2020-02-01
3005,2020,2,molecule2,brand2,SKU3,28036.0,13871.523229058825,2020-02-01
3004,2020,2,molecule2,brand2,SKU2,6098.0,4901.961321471375,2020-02-01
3003,2020,2,molecule1,brand1,SKU1,591.0,4728.141139841155,2020-02-01
3054,2020,2,molecule13,brand30,SKU76,6088.0,124533.03992139967,2020-02-01
3026,2020,2,molecule5,brand9,SKU23,556.0,1118.8525336024534,2020-02-01
3027,2020,2,molecule5,brand10,SKU24,18872.0,311444.6526264152,2020-02-01
3015,2020,2,molecule5,brand6,SKU13,27599.0,124569.77526189163,2020-02-01
3029,2020,2,molecule5,brand10,SKU26,58569.0,733929.0070840685,2020-02-01
3028,2020,2,molecule5,brand10,SKU25,14260.0,382998.8975622344,2020-02-01
3051,2020,2,molecule9,brand25,SKU66,500.0,5751.886016124989,2020-02-01
3050,2020,2,molecule9,brand25,SKU65,16861.0,67712.81416453731,2020-02-01
3049,2020,2,molecule9,brand24,SKU68,20395.0,417320.6364952691,2020-02-01
3048,2020,2,molecule9,brand24,SKU69,6503.0,70540.3904606806,2020-02-01
3047,2020,2,molecule9,brand24,SKU64,18586.0,93494.44281750407,2020-02-01
3046,2020,2,molecule9,brand23,SKU63,24715.0,113911.72305417097,2020-02-01
3045,2020,2,molecule9,brand22,SKU62,7980.0,240387.20526935373,2020-02-01
3044,2020,2,molecule9,brand21,SKU61,8108.0,237760.6369947118,2020-02-01
3043,2020,2,molecule8,brand19,SKU58,56684.0,88355.68207895709,2020-02-01
3042,2020,2,molecule7,brand18,SKU57,2073.0,220134.08875742275,2020-02-01
3041,2020,2,molecule7,brand18,SKU56,1059.0,112397.50975439057,2020-02-01
3052,2020,2,molecule9,brand25,SKU70,134548.0,2815373.359676445,2020-02-01
3039,2020,2,molecule6,brand16,SKU51,487.0,7302.700375100049,2020-02-01
3038,2020,2,molecule6,brand16,SKU50,942.0,9416.347725009377,2020-02-01
3037,2020,2,molecule6,brand15,SKU49,115818.0,526016.1589306076,2020-02-01
3036,2020,2,molecule6,brand15,SKU48,12642.0,95049.3147256262,2020-02-01
3035,2020,2,molecule6,brand15,SKU47,61748.0,354810.97653163865,2020-02-01
3034,2020,2,molecule6,brand14,SKU46,76737.0,206023.07710661308,2020-02-01
3033,2020,2,molecule6,brand14,SKU45,16358.0,65903.62683319698,2020-02-01
3032,2020,2,molecule6,brand14,SKU44,59605.0,188296.16240410384,2020-02-01
3031,2020,2,molecule5,brand11,SKU28,97760.0,836799.1057019711,2020-02-01
3030,2020,2,molecule5,brand10,SKU27,49559.0,912810.948615625,2020-02-01
3040,2020,2,molecule6,brand16,SKU52,1332.0,8710.342103206325,2020-02-01
3187,2020,3,molecule21,brand50,SKU118,408.0,27563.66445042351,2020-03-01
3178,2020,3,molecule16,brand37,SKU96,164098.0,679932.5292606163,2020-03-01
3179,2020,3,molecule16,brand37,SKU97,106893.0,225169.84368196028,2020-03-01
3180,2020,3,molecule16,brand37,SKU98,288797.0,950837.2759272058,2020-03-01
3181,2020,3,molecule16,brand39,SKU100,28928.0,287600.56411600066,2020-03-01
3186,2020,3,molecule20,brand49,SKU115,374.0,34253.4609782148,2020-03-01
3183,2020,3,molecule18,brand45,SKU109,121052.0,1208486.3635674596,2020-03-01
3184,2020,3,molecule18,brand46,SKU110,7370.0,66645.38170421051,2020-03-01
3185,2020,3,molecule18,brand46,SKU111,1583.0,15042.196546872108,2020-03-01
3177,2020,3,molecule16,brand42,SKU103,3855.0,17635.134901008612,2020-03-01
3182,2020,3,molecule18,brand44,SKU108,19.0,211.2127525015342,2020-03-01
3176,2020,3,molecule16,brand41,SKU102,4496.0,14158.687059890146,2020-03-01
3170,2020,3,molecule16,brand35,SKU89,2139.0,37749.43171855817,2020-03-01
3174,2020,3,molecule16,brand36,SKU94,369429.0,1164897.446691482,2020-03-01
3173,2020,3,molecule16,brand36,SKU93,182498.0,318764.43977764144,2020-03-01
3172,2020,3,molecule16,brand36,SKU91,193949.0,811666.4919376525,2020-03-01
3171,2020,3,molecule16,brand35,SKU90,660.0,4265.899172923857,2020-03-01
3169,2020,3,molecule16,brand34,SKU88,346.0,2511.6504769678954,2020-03-01
3168,2020,3,molecule16,brand34,SKU87,1945.0,43300.69190903596,2020-03-01
3214,2020,3,molecule28,brand71,SKU157,6572.0,160074.67731300145,2020-03-01
3166,2020,3,molecule16,brand33,SKU84,10063.0,93704.75323623493,2020-03-01
3165,2020,3,molecule16,brand33,SKU83,6503.0,35332.49939461518,2020-03-01
3164,2020,3,molecule16,brand33,SKU82,17492.0,328667.4449204211,2020-03-01
3175,2020,3,molecule16,brand40,SKU101,3971.0,11248.436113121012,2020-03-01
3188,2020,3,molecule21,brand50,SKU117,961.0,29379.761053982602,2020-03-01
3163,2020,3,molecule16,brand33,SKU81,10088.0,101225.59707739022,2020-03-01
3190,2020,3,molecule22,brand51,SKU120,39267.0,188100.85913268526,2020-03-01
3213,2020,3,molecule27,brand69,SKU152,40300.0,120167.92864613755,2020-03-01
3212,2020,3,molecule27,brand69,SKU151,9359.0,40767.46816254944,2020-03-01
3211,2020,3,molecule27,brand68,SKU150,39700.0,150285.9365080401,2020-03-01
3210,2020,3,molecule27,brand68,SKU149,7970.0,48239.10060932512,2020-03-01
3209,2020,3,molecule26,brand67,SKU148,104.0,9315.379603602594,2020-03-01
3208,2020,3,molecule25,brand65,SKU147,42653.0,75065.49590913011,2020-03-01
3207,2020,3,molecule25,brand65,SKU145,31435.0,37593.20058228049,2020-03-01
3206,2020,3,molecule25,brand64,SKU144,38.0,13.509104457051254,2020-03-01
3205,2020,3,molecule24,brand61,SKU141,6946.0,114325.39961611354,2020-03-01
3204,2020,3,molecule24,brand62,SKU142,9516.0,143162.9960445104,2020-03-01
3203,2020,3,molecule22,brand58,SKU137,17351.0,79474.82726989803,2020-03-01
3202,2020,3,molecule22,brand58,SKU136,6883.0,47680.49796284493,2020-03-01
3201,2020,3,molecule22,brand57,SKU135,20376.0,86510.41286106747,2020-03-01
3200,2020,3,molecule22,brand57,SKU134,9362.0,57785.201475088,2020-03-01
3199,2020,3,molecule22,brand56,SKU133,121127.0,234711.80322654487,2020-03-01
3198,2020,3,molecule22,brand56,SKU132,76011.0,80051.17616018609,2020-03-01
3197,2020,3,molecule22,brand56,SKU131,293686.0,324502.5762517058,2020-03-01
3196,2020,3,molecule22,brand56,SKU130,5492.0,22251.989650632746,2020-03-01
3195,2020,3,molecule22,brand56,SKU129,23568.0,41321.74974124443,2020-03-01
3194,2020,3,molecule22,brand55,SKU128,1709.0,60393.578311157835,2020-03-01
3193,2020,3,molecule22,brand54,SKU127,11002.0,19263.37583781205,2020-03-01
3192,2020,3,molecule22,brand54,SKU126,4891.0,12936.64490057334,2020-03-01
3191,2020,3,molecule22,brand51,SKU121,29701.0,195806.67236411455,2020-03-01
3189,2020,3,molecule22,brand51,SKU119,13066.0,117857.27328138067,2020-03-01
3162,2020,3,molecule14,brand31,SKU79,496.0,56230.66211705375,2020-03-01
3167,2020,3,molecule16,brand33,SKU85,443.0,3476.965417771447,2020-03-01
3160,2020,3,molecule13,brand30,SKU76,15981.0,309375.95631036686,2020-03-01
3131,2020,3,molecule5,brand9,SKU22,28.0,51.72635700659142,2020-03-01
3130,2020,3,molecule5,brand9,SKU21,66.0,153.27465261191827,2020-03-01
3129,2020,3,molecule5,brand8,SKU20,16748.0,77531.76882633269,2020-03-01
3128,2020,3,molecule5,brand8,SKU19,3138.0,24590.028140249015,2020-03-01
3127,2020,3,molecule5,brand7,SKU18,73699.0,300436.434130275,2020-03-01
3126,2020,3,molecule5,brand7,SKU34,3848.0,15746.849910897821,2020-03-01
3125,2020,3,molecule5,brand7,SKU17,268311.0,585019.6763984858,2020-03-01
3124,2020,3,molecule5,brand7,SKU16,53454.0,193531.04450774993,2020-03-01
3123,2020,3,molecule5,brand7,SKU15,186202.0,349548.88174589456,2020-03-01
3122,2020,3,molecule5,brand7,SKU31,11137.0,61084.26621991424,2020-03-01
3120,2020,3,molecule5,brand6,SKU13,34413.0,138694.638912839,2020-03-01
3119,2020,3,molecule5,brand6,SKU12,101398.0,250273.8121067001,2020-03-01
3118,2020,3,molecule5,brand6,SKU11,34441.0,156213.9840950048,2020-03-01
3117,2020,3,molecule5,brand6,SKU10,47231.0,109137.61946383584,2020-03-01
3116,2020,3,molecule5,brand6,SKU9,8674.0,44860.702211254946,2020-03-01
3115,2020,3,molecule5,brand6,SKU8,20003.0,65014.75389441228,2020-03-01
3114,2020,3,molecule4,brand4,SKU6,232.0,1409.1199792045106,2020-03-01
3113,2020,3,molecule3,brand3,SKU5,24533.0,83247.43198827482,2020-03-01
3112,2020,3,molecule3,brand3,SKU4,22098.0,96468.39940906467,2020-03-01
3111,2020,3,molecule2,brand2,SKU3,15890.0,6324.523706987891,2020-03-01
3110,2020,3,molecule2,brand2,SKU2,6993.0,4293.0804270359195,2020-03-01
3109,2020,3,molecule1,brand1,SKU1,503.0,3677.8762785531826,2020-03-01
3161,2020,3,molecule14,brand31,SKU78,537.0,33247.8245600853,2020-03-01
3132,2020,3,molecule5,brand9,SKU23,474.0,918.9240974560128,2020-03-01
3133,2020,3,molecule5,brand10,SKU24,17062.0,249266.48108644455,2020-03-01
3121,2020,3,molecule5,brand7,SKU14,73545.0,210753.1382237225,2020-03-01
3135,2020,3,molecule5,brand10,SKU26,51007.0,562940.6517857243,2020-03-01
3134,2020,3,molecule5,brand10,SKU25,15730.0,374036.7443006248,2020-03-01
3158,2020,3,molecule9,brand25,SKU70,163309.0,3073956.350166491,2020-03-01
3157,2020,3,molecule9,brand25,SKU66,471.0,4677.948099335007,2020-03-01
3156,2020,3,molecule9,brand25,SKU65,21231.0,76624.89008648912,2020-03-01
3155,2020,3,molecule9,brand24,SKU68,31077.0,569660.7639916211,2020-03-01
3154,2020,3,molecule9,brand24,SKU69,10326.0,100370.4617062921,2020-03-01
3153,2020,3,molecule9,brand24,SKU64,23304.0,105326.88229276503,2020-03-01
3152,2020,3,molecule9,brand23,SKU63,25447.0,105350.20383833844,2020-03-01
3151,2020,3,molecule9,brand22,SKU62,68725.0,1600345.6040668876,2020-03-01
3150,2020,3,molecule9,brand21,SKU61,12821.0,339836.05627879954,2020-03-01
3149,2020,3,molecule8,brand19,SKU58,63856.0,89308.69510077001,2020-03-01
3148,2020,3,molecule7,brand18,SKU57,3651.0,354007.3883807064,2020-03-01
3159,2020,3,molecule11,brand28,SKU73,26798.0,347975.35186809767,2020-03-01
3136,2020,3,molecule5,brand10,SKU27,38148.0,622482.4952312845,2020-03-01
3146,2020,3,molecule6,brand16,SKU52,1693.0,9871.680516720271,2020-03-01
3145,2020,3,molecule6,brand16,SKU51,622.0,8120.242558963041,2020-03-01
3144,2020,3,molecule6,brand16,SKU50,1514.0,13435.828369446002,2020-03-01
3143,2020,3,molecule6,brand15,SKU49,154906.0,632743.6412029638,2020-03-01
3142,2020,3,molecule6,brand15,SKU48,16453.0,111044.64907550161,2020-03-01
3141,2020,3,molecule6,brand15,SKU47,80968.0,417518.4931635203,2020-03-01
3140,2020,3,molecule6,brand14,SKU46,37187.0,85354.65574629574,2020-03-01
3139,2020,3,molecule6,brand14,SKU45,5900.0,18764.93937210454,2020-03-01
3138,2020,3,molecule6,brand14,SKU44,16622.0,42231.696011391665,2020-03-01
3137,2020,3,molecule5,brand11,SKU28,30788.0,234055.35724110686,2020-03-01
3147,2020,3,molecule7,brand18,SKU56,1040.0,99853.62707226512,2020-03-01
3288,2020,4,molecule16,brand42,SKU103,2934.0,13295.209099528844,2020-04-01
3289,2020,4,molecule16,brand37,SKU96,218868.0,892081.2354501211,2020-04-01
3290,2020,4,molecule16,brand37,SKU97,140216.0,304075.3789962102,2020-04-01
3291,2020,4,molecule16,brand37,SKU98,384738.0,1306196.3742922756,2020-04-01
3297,2020,4,molecule20,brand49,SKU115,119.0,12317.089033437804,2020-04-01
3293,2020,4,molecule18,brand44,SKU108,25.0,287.25785111012726,2020-04-01
3294,2020,4,molecule18,brand45,SKU109,135227.0,1327786.8836102844,2020-04-01
3295,2020,4,molecule18,brand46,SKU110,13751.0,121201.79113445939,2020-04-01
3296,2020,4,molecule18,brand46,SKU111,5671.0,53351.12661547823,2020-04-01
3287,2020,4,molecule16,brand41,SKU102,4125.0,12790.034833461868,2020-04-01
3292,2020,4,molecule16,brand39,SKU100,18256.0,180876.20351951756,2020-04-01
3286,2020,4,molecule16,brand40,SKU101,3679.0,10258.325056485764,2020-04-01
3279,2020,4,molecule16,brand34,SKU87,1002.0,21878.65950313587,2020-04-01
3284,2020,4,molecule16,brand36,SKU93,189378.0,324630.40825214813,2020-04-01
3283,2020,4,molecule16,brand36,SKU91,228208.0,937762.4180661935,2020-04-01
3282,2020,4,molecule16,brand35,SKU90,600.0,3791.07815865299,2020-04-01
3281,2020,4,molecule16,brand35,SKU89,2124.0,37100.875507881945,2020-04-01
3280,2020,4,molecule16,brand34,SKU88,569.0,4127.3617062723115,2020-04-01
3278,2020,4,molecule16,brand33,SKU85,24181.0,212214.69137175306,2020-04-01
3277,2020,4,molecule16,brand33,SKU84,15752.0,162889.7682459903,2020-04-01
3276,2020,4,molecule16,brand33,SKU83,8828.0,49637.668952258304,2020-04-01
3275,2020,4,molecule16,brand33,SKU82,17153.0,354232.9471602805,2020-04-01
3274,2020,4,molecule16,brand33,SKU81,9733.0,105224.34100729007,2020-04-01
3273,2020,4,molecule14,brand31,SKU79,418.0,49172.53721324778,2020-04-01
3285,2020,4,molecule16,brand36,SKU94,452364.0,1401424.3723377758,2020-04-01
3298,2020,4,molecule21,brand50,SKU118,47.0,3578.987076786898,2020-04-01
3325,2020,4,molecule28,brand71,SKU157,5843.0,157128.00891262767,2020-04-01
3300,2020,4,molecule22,brand51,SKU120,33213.0,159152.34478534854,2020-04-01
3271,2020,4,molecule13,brand30,SKU76,4508.0,86247.51725775732,2020-04-01
3324,2020,4,molecule27,brand69,SKU152,35726.0,107482.52997221818,2020-04-01
3323,2020,4,molecule27,brand69,SKU151,9730.0,42574.670154922256,2020-04-01
3322,2020,4,molecule27,brand68,SKU150,31799.0,123582.52492498101,2020-04-01
3321,2020,4,molecule27,brand68,SKU149,8124.0,49614.39651025735,2020-04-01
3320,2020,4,molecule26,brand67,SKU148,273.0,25917.06111234046,2020-04-01
3319,2020,4,molecule25,brand65,SKU147,51167.0,95266.3890534792,2020-04-01
3318,2020,4,molecule25,brand65,SKU145,30568.0,36039.9033428118,2020-04-01
3317,2020,4,molecule25,brand64,SKU144,16.0,4.86148852991075,2020-04-01
3316,2020,4,molecule24,brand61,SKU141,3877.0,63292.25411821433,2020-04-01
3315,2020,4,molecule24,brand62,SKU142,13606.0,201610.90705480913,2020-04-01
3314,2020,4,molecule24,brand60,SKU140,56486.0,1208551.7286743515,2020-04-01
3313,2020,4,molecule22,brand58,SKU137,16751.0,76855.52277845271,2020-04-01
3312,2020,4,molecule22,brand58,SKU136,7697.0,52500.94428381754,2020-04-01
3311,2020,4,molecule22,brand57,SKU135,21545.0,90172.58551471963,2020-04-01
3310,2020,4,molecule22,brand57,SKU134,8897.0,54151.707599939546,2020-04-01
3309,2020,4,molecule22,brand56,SKU133,113066.0,220906.1582800704,2020-04-01
3308,2020,4,molecule22,brand56,SKU132,82756.0,86660.37778315111,2020-04-01
3307,2020,4,molecule22,brand56,SKU131,287921.0,319797.99753875216,2020-04-01
3306,2020,4,molecule22,brand56,SKU130,5727.0,22612.19890395126,2020-04-01
3305,2020,4,molecule22,brand56,SKU129,25277.0,44312.262346682866,2020-04-01
3304,2020,4,molecule22,brand55,SKU128,1341.0,46296.1702787035,2020-04-01
3303,2020,4,molecule22,brand54,SKU127,10647.0,18573.080055320046,2020-04-01
3302,2020,4,molecule22,brand54,SKU126,5093.0,13474.470795458306,2020-04-01
3301,2020,4,molecule22,brand51,SKU121,24586.0,162963.24658720565,2020-04-01
3299,2020,4,molecule22,brand51,SKU119,11225.0,101102.61292691498,2020-04-01
3270,2020,4,molecule11,brand28,SKU73,28686.0,370295.50916350255,2020-04-01
3272,2020,4,molecule14,brand31,SKU78,374.0,21689.343744401947,2020-04-01
3268,2020,4,molecule9,brand25,SKU66,625.0,6212.839410039803,2020-04-01
3239,2020,4,molecule5,brand8,SKU19,4467.0,34303.257557401805,2020-04-01
3238,2020,4,molecule5,brand13,SKU39,7713.0,19172.09096739765,2020-04-01
3237,2020,4,molecule5,brand13,SKU38,16987.0,76228.26016837383,2020-04-01
3236,2020,4,molecule5,brand13,SKU37,28868.0,65478.90898050048,2020-04-01
3235,2020,4,molecule5,brand13,SKU36,2893.0,9469.290471758075,2020-04-01
3234,2020,4,molecule5,brand7,SKU18,85115.0,351743.036014162,2020-04-01
3233,2020,4,molecule5,brand7,SKU34,7841.0,31635.725610781796,2020-04-01
3232,2020,4,molecule5,brand7,SKU17,243552.0,538414.3285871468,2020-04-01
3231,2020,4,molecule5,brand7,SKU16,59932.0,218047.28120241992,2020-04-01
3230,2020,4,molecule5,brand7,SKU15,182677.0,333472.33814602584,2020-04-01
3228,2020,4,molecule5,brand7,SKU35,1074.0,5387.001257846984,2020-04-01
3227,2020,4,molecule5,brand7,SKU14,72857.0,206099.94929820969,2020-04-01
3226,2020,4,molecule5,brand6,SKU13,32654.0,129629.07231851254,2020-04-01
3225,2020,4,molecule5,brand6,SKU12,89576.0,217169.78601850345,2020-04-01
3224,2020,4,molecule5,brand6,SKU11,15372.0,67925.23462310302,2020-04-01
3223,2020,4,molecule5,brand6,SKU10,18466.0,42244.958826095484,2020-04-01
3222,2020,4,molecule5,brand6,SKU9,9214.0,47114.11390914509,2020-04-01
3221,2020,4,molecule5,brand6,SKU8,15805.0,50355.65142476464,2020-04-01
3220,2020,4,molecule4,brand4,SKU6,1093.0,6034.325682155969,2020-04-01
3219,2020,4,molecule3,brand3,SKU5,23348.0,82418.77560847622,2020-04-01
3218,2020,4,molecule3,brand3,SKU4,19604.0,88206.7389429819,2020-04-01
3217,2020,4,molecule2,brand2,SKU3,20068.0,7651.103493083239,2020-04-01
3216,2020,4,molecule2,brand2,SKU2,7779.0,4476.299107993501,2020-04-01
3215,2020,4,molecule1,brand1,SKU1,512.0,3715.9227890782395,2020-04-01
3269,2020,4,molecule9,brand25,SKU70,152317.0,2817532.7901058053,2020-04-01
3240,2020,4,molecule5,brand8,SKU20,13801.0,62619.44667112836,2020-04-01
3241,2020,4,molecule5,brand9,SKU21,176.0,378.77003972644593,2020-04-01
3229,2020,4,molecule5,brand7,SKU31,15761.0,85614.9994756487,2020-04-01
3243,2020,4,molecule5,brand9,SKU23,562.0,1075.564469570444,2020-04-01
3242,2020,4,molecule5,brand9,SKU22,16.0,28.817112930589325,2020-04-01
3267,2020,4,molecule9,brand25,SKU65,25387.0,89995.42584017635,2020-04-01
3266,2020,4,molecule9,brand24,SKU68,45682.0,828919.5794281183,2020-04-01
3265,2020,4,molecule9,brand24,SKU69,15007.0,142927.76210984567,2020-04-01
3264,2020,4,molecule9,brand24,SKU64,26257.0,116667.33052837623,2020-04-01
3263,2020,4,molecule9,brand23,SKU63,34994.0,142115.09938257415,2020-04-01
3262,2020,4,molecule9,brand22,SKU62,58716.0,1342343.2731821465,2020-04-01
3261,2020,4,molecule9,brand21,SKU61,8325.0,215471.03306062083,2020-04-01
3259,2020,4,molecule7,brand18,SKU57,3032.0,300148.3920698678,2020-04-01
3258,2020,4,molecule7,brand18,SKU56,905.0,88270.11257189277,2020-04-01
3257,2020,4,molecule6,brand16,SKU52,942.0,5506.191273143026,2020-04-01
3256,2020,4,molecule6,brand16,SKU51,456.0,5969.666935773096,2020-04-01
3260,2020,4,molecule8,brand19,SKU58,64902.0,89229.95170456724,2020-04-01
3254,2020,4,molecule6,brand15,SKU49,147306.0,592786.2228983949,2020-04-01
3244,2020,4,molecule5,brand10,SKU24,27960.0,388353.11738005106,2020-04-01
3255,2020,4,molecule6,brand16,SKU50,1156.0,10080.64098444251,2020-04-01
3246,2020,4,molecule5,brand10,SKU26,82457.0,824941.8230419244,2020-04-01
3247,2020,4,molecule5,brand10,SKU27,58559.0,823425.5086578749,2020-04-01
3248,2020,4,molecule5,brand11,SKU28,70400.0,468802.95833150606,2020-04-01
3249,2020,4,molecule6,brand14,SKU44,46759.0,119188.6104711008,2020-04-01
3245,2020,4,molecule5,brand10,SKU25,24712.0,567518.6130269235,2020-04-01
3251,2020,4,molecule6,brand14,SKU46,87616.0,197970.67722824623,2020-04-01
3252,2020,4,molecule6,brand15,SKU47,89749.0,456105.7428513097,2020-04-01
3253,2020,4,molecule6,brand15,SKU48,17272.0,115542.48472079122,2020-04-01
3250,2020,4,molecule6,brand14,SKU45,6557.0,20548.83116210716,2020-04-01
3399,2020,5,molecule16,brand36,SKU94,221064.0,705197.6599045879,2020-05-01
3409,2020,5,molecule18,brand46,SKU110,5426.0,49849.9979803481,2020-05-01
3408,2020,5,molecule18,brand45,SKU109,96871.0,978507.0837491262,2020-05-01
3407,2020,5,molecule18,brand44,SKU108,22.0,252.02769828346385,2020-05-01
3406,2020,5,molecule16,brand39,SKU100,10958.0,110505.85682942874,2020-05-01
3405,2020,5,molecule16,brand37,SKU98,248905.0,868936.1834207285,2020-05-01
3404,2020,5,molecule16,brand37,SKU97,86215.0,191738.8299007736,2020-05-01
3403,2020,5,molecule16,brand37,SKU96,118705.0,499050.25594836095,2020-05-01
3402,2020,5,molecule16,brand42,SKU103,3980.0,18483.461899871174,2020-05-01
3401,2020,5,molecule16,brand41,SKU102,2765.0,8879.440920021172,2020-05-01
3400,2020,5,molecule16,brand40,SKU101,3160.0,9077.84521409433,2020-05-01
3398,2020,5,molecule16,brand36,SKU93,132723.0,233919.3835836185,2020-05-01
3385,2020,5,molecule13,brand30,SKU76,12434.0,260927.26951070502,2020-05-01
3396,2020,5,molecule16,brand35,SKU90,471.0,3104.1731790813033,2020-05-01
3395,2020,5,molecule16,brand35,SKU89,974.0,17941.30887215877,2020-05-01
3394,2020,5,molecule16,brand34,SKU88,355.0,2579.327020423314,2020-05-01
3393,2020,5,molecule16,brand34,SKU87,600.0,13499.115001436467,2020-05-01
3392,2020,5,molecule16,brand33,SKU85,12359.0,110901.47393817811,2020-05-01
3391,2020,5,molecule16,brand33,SKU84,7160.0,73818.18523692795,2020-05-01
3390,2020,5,molecule16,brand33,SKU83,4979.0,30221.841750424912,2020-05-01
3389,2020,5,molecule16,brand33,SKU82,5115.0,109960.60085931316,2020-05-01
3388,2020,5,molecule16,brand33,SKU81,5259.0,57020.04599084662,2020-05-01
3387,2020,5,molecule14,brand31,SKU79,273.0,33269.967444630056,2020-05-01
3386,2020,5,molecule14,brand31,SKU78,594.0,37065.29493803048,2020-05-01
3410,2020,5,molecule18,brand46,SKU111,1561.0,15313.660964308978,2020-05-01
3397,2020,5,molecule16,brand36,SKU91,141673.0,599513.1632029976,2020-05-01
3411,2020,5,molecule20,brand49,SKU115,305.0,32481.245042414983,2020-05-01
3439,2020,5,molecule28,brand71,SKU157,3886.0,115362.57072156879,2020-05-01
3413,2020,5,molecule22,brand51,SKU119,8994.0,83041.73771875733,2020-05-01
3384,2020,5,molecule11,brand28,SKU73,16195.0,215089.83150736295,2020-05-01
3438,2020,5,molecule27,brand69,SKU152,35462.0,111138.09062128048,2020-05-01
3437,2020,5,molecule27,brand69,SKU151,5146.0,22914.358426672374,2020-05-01
3436,2020,5,molecule27,brand68,SKU150,29349.0,117123.38229846243,2020-05-01
3435,2020,5,molecule27,brand68,SKU149,6399.0,40547.25786681385,2020-05-01
3434,2020,5,molecule26,brand67,SKU148,66.0,6418.836488160608,2020-05-01
3433,2020,5,molecule25,brand65,SKU147,37894.0,72680.46324590087,2020-05-01
3432,2020,5,molecule25,brand65,SKU145,26330.0,31820.531967288327,2020-05-01
3431,2020,5,molecule25,brand64,SKU144,57.0,22.03343810353315,2020-05-01
3430,2020,5,molecule24,brand61,SKU141,550.0,9240.74682578754,2020-05-01
3429,2020,5,molecule24,brand62,SKU142,5630.0,86239.85799050843,2020-05-01
3428,2020,5,molecule24,brand60,SKU140,28654.0,625223.433071752,2020-05-01
3412,2020,5,molecule21,brand50,SKU118,13.0,999.2528496232036,2020-05-01
3427,2020,5,molecule22,brand58,SKU137,7229.0,33527.350402280106,2020-05-01
3425,2020,5,molecule22,brand57,SKU135,18344.0,79138.39342911931,2020-05-01
3424,2020,5,molecule22,brand57,SKU134,8366.0,52206.13632598154,2020-05-01
3423,2020,5,molecule22,brand56,SKU133,102061.0,203703.30116791057,2020-05-01
3422,2020,5,molecule22,brand56,SKU132,58773.0,64341.34055529888,2020-05-01
3421,2020,5,molecule22,brand56,SKU131,253652.0,290943.34998056106,2020-05-01
3420,2020,5,molecule22,brand56,SKU130,3738.0,15584.512704073531,2020-05-01
3419,2020,5,molecule22,brand56,SKU129,23625.0,42948.06863599591,2020-05-01
3418,2020,5,molecule22,brand55,SKU128,917.0,32593.588373983443,2020-05-01
3417,2020,5,molecule22,brand54,SKU127,10675.0,18990.53982561829,2020-05-01
3416,2020,5,molecule22,brand54,SKU126,4621.0,12512.917062192533,2020-05-01
3415,2020,5,molecule22,brand51,SKU121,21042.0,141441.34056006378,2020-05-01
3414,2020,5,molecule22,brand51,SKU120,28752.0,140085.49014320204,2020-05-01
3426,2020,5,molecule22,brand58,SKU136,3167.0,22178.884852223247,2020-05-01
3383,2020,5,molecule9,brand25,SKU70,142094.0,2691747.4287808742,2020-05-01
3329,2020,5,molecule3,brand3,SKU4,11002.0,49867.77055525205,2020-05-01
3381,2020,5,molecule9,brand25,SKU65,15347.0,55921.61418184963,2020-05-01
3351,2020,5,molecule5,brand13,SKU41,3.0,6.157458249706514,2020-05-01
3350,2020,5,molecule5,brand13,SKU39,43580.0,108919.84061630815,2020-05-01
3349,2020,5,molecule5,brand13,SKU38,15655.0,71245.09389587336,2020-05-01
3348,2020,5,molecule5,brand13,SKU37,33288.0,77436.58633857722,2020-05-01
3347,2020,5,molecule5,brand13,SKU40,3057.0,16815.332426455334,2020-05-01
3346,2020,5,molecule5,brand13,SKU36,16223.0,53071.50462558971,2020-05-01
3345,2020,5,molecule5,brand7,SKU18,58581.0,249577.4331038635,2020-05-01
3344,2020,5,molecule5,brand7,SKU34,2586.0,10635.160467365671,2020-05-01
3343,2020,5,molecule5,brand7,SKU17,231941.0,527215.8134855112,2020-05-01
3342,2020,5,molecule5,brand7,SKU16,48019.0,181209.36991607622,2020-05-01
3341,2020,5,molecule5,brand7,SKU15,153451.0,287559.8635634222,2020-05-01
3339,2020,5,molecule5,brand7,SKU35,1583.0,8191.047614839984,2020-05-01
3338,2020,5,molecule5,brand7,SKU14,64023.0,186604.99735414906,2020-05-01
3337,2020,5,molecule5,brand6,SKU13,23304.0,94245.48836823522,2020-05-01
3336,2020,5,molecule5,brand6,SKU12,51230.0,127087.87839956368,2020-05-01
3335,2020,5,molecule5,brand6,SKU11,8413.0,38712.55339347672,2020-05-01
3334,2020,5,molecule5,brand6,SKU10,10703.0,25236.131595429462,2020-05-01
3333,2020,5,molecule5,brand6,SKU9,7656.0,39950.37430740556,2020-05-01
3332,2020,5,molecule5,brand6,SKU8,7285.0,23936.09301246826,2020-05-01
3331,2020,5,molecule4,brand4,SKU6,917.0,5208.632909575141,2020-05-01
3330,2020,5,molecule3,brand3,SKU5,13832.0,49252.437200402695,2020-05-01
3328,2020,5,molecule2,brand2,SKU3,24379.0,9385.201754933385,2020-05-01
3327,2020,5,molecule2,brand2,SKU2,6918.0,4033.524175170714,2020-05-01
3326,2020,5,molecule1,brand1,SKU1,600.0,4515.963699138157,2020-05-01
3382,2020,5,molecule9,brand25,SKU66,317.0,3264.0773564765154,2020-05-01
3352,2020,5,molecule5,brand13,SKU42,17323.0,87565.5211208642,2020-05-01
3353,2020,5,molecule5,brand8,SKU19,2121.0,16668.970440666028,2020-05-01
3340,2020,5,molecule5,brand7,SKU31,10575.0,59039.321777830315,2020-05-01
3355,2020,5,molecule5,brand9,SKU21,31.0,60.382088082705366,2020-05-01
3380,2020,5,molecule9,brand24,SKU68,17913.0,337528.19869407447,2020-05-01
3354,2020,5,molecule5,brand8,SKU20,11775.0,55379.91705016683,2020-05-01
3378,2020,5,molecule9,brand24,SKU64,16509.0,75628.09219820584,2020-05-01
3377,2020,5,molecule9,brand23,SKU63,20804.0,87036.553019328,2020-05-01
3376,2020,5,molecule9,brand22,SKU62,18642.0,438732.77920663526,2020-05-01
3375,2020,5,molecule9,brand21,SKU61,3924.0,108950.41353320477,2020-05-01
3374,2020,5,molecule8,brand19,SKU58,59857.0,84432.26665208682,2020-05-01
3373,2020,5,molecule7,brand18,SKU57,2287.0,248627.62696126837,2020-05-01
3372,2020,5,molecule7,brand18,SKU56,955.0,100814.28183789986,2020-05-01
3371,2020,5,molecule6,brand16,SKU52,1008.0,6032.504431528173,2020-05-01
3370,2020,5,molecule6,brand16,SKU51,509.0,6670.249979078687,2020-05-01
3369,2020,5,molecule6,brand16,SKU50,1210.0,10913.502458763673,2020-05-01
3368,2020,5,molecule6,brand15,SKU49,132406.0,547199.7137417916,2020-05-01
3379,2020,5,molecule9,brand24,SKU69,8768.0,85990.81174694226,2020-05-01
3356,2020,5,molecule5,brand9,SKU22,25.0,42.0438946112773,2020-05-01
3366,2020,5,molecule6,brand15,SKU47,66743.0,347195.9343392348,2020-05-01
3365,2020,5,molecule6,brand14,SKU46,43605.0,100780.09661399112,2020-05-01
3364,2020,5,molecule6,brand14,SKU45,10615.0,33969.14268939361,2020-05-01
3363,2020,5,molecule6,brand14,SKU44,39122.0,101982.41944114414,2020-05-01
3362,2020,5,molecule5,brand11,SKU28,40187.0,278189.2964482913,2020-05-01
3361,2020,5,molecule5,brand10,SKU27,42072.0,594783.7857980115,2020-05-01
3360,2020,5,molecule5,brand10,SKU26,56071.0,547398.5077452539,2020-05-01
3367,2020,5,molecule6,brand15,SKU48,17775.0,122281.16906483955,2020-05-01
3359,2020,5,molecule5,brand10,SKU25,14225.0,320517.8615963122,2020-05-01
3358,2020,5,molecule5,brand10,SKU24,14938.0,207164.80911503514,2020-05-01
3357,2020,5,molecule5,brand9,SKU23,462.0,838.9419580306089,2020-05-01
3516,2020,6,molecule16,brand42,SKU103,4200.0,19214.174534902657,2020-06-01
3514,2020,6,molecule16,brand40,SKU101,3314.0,9318.254043558929,2020-06-01
3517,2020,6,molecule16,brand37,SKU96,147268.0,609560.6424442398,2020-06-01
3515,2020,6,molecule16,brand41,SKU102,3811.0,11995.517086234126,2020-06-01
3518,2020,6,molecule16,brand37,SKU97,88480.0,194284.60598816874,2020-06-01
3524,2020,6,molecule18,brand46,SKU111,4376.0,42271.377527742625,2020-06-01
3520,2020,6,molecule16,brand39,SKU100,8985.0,83514.59066216156,2020-06-01
3521,2020,6,molecule18,brand44,SKU108,25.0,283.17560389174673,2020-06-01
3522,2020,6,molecule18,brand45,SKU109,68738.0,684112.3214803345,2020-06-01
3513,2020,6,molecule16,brand36,SKU94,299284.0,940621.397461123,2020-06-01
3523,2020,6,molecule18,brand46,SKU110,6180.0,55631.933160853485,2020-06-01
3519,2020,6,molecule16,brand37,SKU98,229402.0,788503.3511627631,2020-06-01
3512,2020,6,molecule16,brand36,SKU93,158713.0,275637.43691131624,2020-06-01
3506,2020,6,molecule16,brand33,SKU86,361.0,2849.475850813134,2020-06-01
3510,2020,6,molecule16,brand35,SKU90,314.0,2069.586571236857,2020-06-01
3509,2020,6,molecule16,brand35,SKU89,522.0,9636.06544990073,2020-06-01
3508,2020,6,molecule16,brand34,SKU88,226.0,1633.5145888731479,2020-06-01
3507,2020,6,molecule16,brand34,SKU87,295.0,6350.627917739377,2020-06-01
3505,2020,6,molecule16,brand33,SKU85,17411.0,145797.32283035162,2020-06-01
3504,2020,6,molecule16,brand33,SKU84,11401.0,117342.08586909676,2020-06-01
3503,2020,6,molecule16,brand33,SKU83,6120.0,35820.057268447286,2020-06-01
3502,2020,6,molecule16,brand33,SKU82,11819.0,242076.81742513564,2020-06-01
3501,2020,6,molecule16,brand33,SKU81,4910.0,53931.974527533835,2020-06-01
3500,2020,6,molecule14,brand31,SKU79,57.0,6609.060569348143,2020-06-01
3499,2020,6,molecule14,brand31,SKU78,858.0,53637.36277172471,2020-06-01
3511,2020,6,molecule16,brand36,SKU91,168414.0,701717.5321521359,2020-06-01
3525,2020,6,molecule20,brand49,SKU115,220.0,23103.789798809226,2020-06-01
3553,2020,6,molecule28,brand71,SKU157,8008.0,231031.17230811095,2020-06-01
3527,2020,6,molecule22,brand51,SKU119,10150.0,91895.74883386487,2020-06-01
3498,2020,6,molecule13,brand30,SKU76,5410.0,110083.36377427078,2020-06-01
3552,2020,6,molecule27,brand69,SKU152,35007.0,107872.9857477729,2020-06-01
3551,2020,6,molecule27,brand69,SKU151,6142.0,27221.26394586463,2020-06-01
3550,2020,6,molecule27,brand68,SKU150,28576.0,112445.73451765525,2020-06-01
3549,2020,6,molecule27,brand68,SKU149,6968.0,43339.6487339813,2020-06-01
3548,2020,6,molecule26,brand67,SKU148,220.0,21460.81243143645,2020-06-01
3547,2020,6,molecule25,brand65,SKU147,32428.0,64280.810432053295,2020-06-01
3546,2020,6,molecule25,brand65,SKU145,26927.0,32152.572855857103,2020-06-01
3545,2020,6,molecule25,brand64,SKU144,6.0,2.5154327890852137,2020-06-01
3544,2020,6,molecule24,brand61,SKU141,333.0,5588.576883310893,2020-06-01
3543,2020,6,molecule24,brand62,SKU142,4342.0,65507.23501424139,2020-06-01
3542,2020,6,molecule24,brand60,SKU140,19770.0,419088.81922691735,2020-06-01
3526,2020,6,molecule21,brand50,SKU118,53.0,4010.2464027436035,2020-06-01
3541,2020,6,molecule22,brand58,SKU137,5535.0,25389.469153399008,2020-06-01
3539,2020,6,molecule22,brand57,SKU135,18293.0,77810.96596132801,2020-06-01
3538,2020,6,molecule22,brand57,SKU134,7929.0,49038.6674847432,2020-06-01
3537,2020,6,molecule22,brand56,SKU133,98250.0,194394.88252400406,2020-06-01
3536,2020,6,molecule22,brand56,SKU132,72188.0,79006.20281722961,2020-06-01
3535,2020,6,molecule22,brand56,SKU131,252050.0,294741.22002561326,2020-06-01
3534,2020,6,molecule22,brand56,SKU130,3845.0,15805.880015498116,2020-06-01
3533,2020,6,molecule22,brand56,SKU129,22751.0,40966.61782164226,2020-06-01
3532,2020,6,molecule22,brand55,SKU128,484.0,16976.56497427872,2020-06-01
3531,2020,6,molecule22,brand54,SKU127,9013.0,15713.19200825784,2020-06-01
3530,2020,6,molecule22,brand54,SKU126,4229.0,11273.547848641885,2020-06-01
3529,2020,6,molecule22,brand51,SKU121,18328.0,120866.1193694041,2020-06-01
3528,2020,6,molecule22,brand51,SKU120,31036.0,147691.61259988078,2020-06-01
3540,2020,6,molecule22,brand58,SKU136,3610.0,25300.471123678348,2020-06-01
3497,2020,6,molecule11,brand28,SKU73,17370.0,228921.61768437683,2020-06-01
3444,2020,6,molecule3,brand3,SKU5,9079.0,31332.828514466066,2020-06-01
3495,2020,6,molecule9,brand25,SKU66,267.0,2535.0225018748274,2020-06-01
3465,2020,6,molecule5,brand13,SKU41,204.0,786.5103246563327,2020-06-01
3464,2020,6,molecule5,brand13,SKU39,57076.0,140011.04773511767,2020-06-01
3463,2020,6,molecule5,brand13,SKU38,21322.0,95840.28861355141,2020-06-01
3462,2020,6,molecule5,brand13,SKU37,45208.0,103492.04053284098,2020-06-01
3461,2020,6,molecule5,brand13,SKU40,3230.0,16968.66480621189,2020-06-01
3460,2020,6,molecule5,brand13,SKU36,12950.0,40968.32793147547,2020-06-01
3459,2020,6,molecule5,brand7,SKU18,64023.0,268928.4738564247,2020-06-01
3458,2020,6,molecule5,brand7,SKU34,5071.0,20549.835249440344,2020-06-01
3457,2020,6,molecule5,brand7,SKU17,203779.0,456220.6524617911,2020-06-01
3456,2020,6,molecule5,brand7,SKU16,49775.0,185308.00904939126,2020-06-01
3455,2020,6,molecule5,brand7,SKU15,150353.0,277731.27832348045,2020-06-01
3454,2020,6,molecule5,brand7,SKU31,10647.0,58964.19200953336,2020-06-01
3453,2020,6,molecule5,brand7,SKU35,2673.0,13537.333946721836,2020-06-01
3452,2020,6,molecule5,brand7,SKU14,59894.0,172161.26485565022,2020-06-01
3451,2020,6,molecule5,brand6,SKU13,12749.0,49639.3559334718,2020-06-01
3450,2020,6,molecule5,brand6,SKU12,31831.0,78119.41116120188,2020-06-01
3449,2020,6,molecule5,brand6,SKU11,6673.0,30448.388063137703,2020-06-01
3448,2020,6,molecule5,brand6,SKU10,6557.0,15304.20244564602,2020-06-01
3447,2020,6,molecule5,brand6,SKU9,5272.0,27119.32622408282,2020-06-01
3446,2020,6,molecule5,brand6,SKU8,6098.0,19829.737775792702,2020-06-01
3445,2020,6,molecule4,brand4,SKU6,1235.0,6999.814379597171,2020-06-01
3443,2020,6,molecule3,brand3,SKU4,9177.0,41218.868668954965,2020-06-01
3442,2020,6,molecule2,brand2,SKU3,21690.0,8174.553596720774,2020-06-01
3441,2020,6,molecule2,brand2,SKU2,8473.0,4740.755405044957,2020-06-01
3440,2020,6,molecule1,brand1,SKU1,591.0,4338.7719089213215,2020-06-01
3466,2020,6,molecule5,brand13,SKU42,19971.0,99180.78244745181,2020-06-01
3467,2020,6,molecule5,brand8,SKU19,1637.0,12683.304432217126,2020-06-01
3496,2020,6,molecule9,brand25,SKU70,160268.0,2995637.785439575,2020-06-01
3469,2020,6,molecule5,brand9,SKU22,31.0,58.59342056214123,2020-06-01
3468,2020,6,molecule5,brand8,SKU20,9173.0,43010.75147930754,2020-06-01
3494,2020,6,molecule9,brand25,SKU65,17791.0,63871.12538096302,2020-06-01
3493,2020,6,molecule9,brand24,SKU68,19648.0,363582.4764590892,2020-06-01
3492,2020,6,molecule9,brand24,SKU69,12626.0,122592.92180850402,2020-06-01
3491,2020,6,molecule9,brand24,SKU64,18498.0,83027.83033010739,2020-06-01
3490,2020,6,molecule9,brand23,SKU63,22503.0,92639.94547073104,2020-06-01
3489,2020,6,molecule9,brand22,SKU62,30552.0,705145.4828853637,2020-06-01
3487,2020,6,molecule8,brand19,SKU58,55534.0,77176.4243935957,2020-06-01
3486,2020,6,molecule7,brand18,SKU57,2513.0,263458.8731201074,2020-06-01
3485,2020,6,molecule7,brand18,SKU56,933.0,95186.25829193299,2020-06-01
3484,2020,6,molecule6,brand16,SKU52,980.0,5362.108263701305,2020-06-01
3483,2020,6,molecule6,brand16,SKU51,342.0,4262.308134583936,2020-06-01
3488,2020,6,molecule9,brand21,SKU61,7367.0,217470.2449275814,2020-06-01
3481,2020,6,molecule6,brand15,SKU49,122962.0,501072.407530488,2020-06-01
3470,2020,6,molecule5,brand9,SKU23,449.0,867.1741017872739,2020-06-01
3482,2020,6,molecule6,brand16,SKU50,801.0,6633.8277079742675,2020-06-01
3472,2020,6,molecule5,brand10,SKU25,10882.0,246301.9667864923,2020-06-01
3473,2020,6,molecule5,brand10,SKU26,56527.0,526761.4745801288,2020-06-01
3474,2020,6,molecule5,brand10,SKU27,44004.0,610761.6948859184,2020-06-01
3475,2020,6,molecule5,brand11,SKU28,35723.0,235353.74419283503,2020-06-01
3471,2020,6,molecule5,brand10,SKU24,11806.0,163141.0044903142,2020-06-01
3480,2020,6,molecule6,brand15,SKU48,13685.0,92102.91937260573,2020-06-01
3477,2020,6,molecule6,brand14,SKU45,8771.0,27353.951481392254,2020-06-01
3478,2020,6,molecule6,brand14,SKU46,73988.0,170016.7282503476,2020-06-01
3479,2020,6,molecule6,brand15,SKU47,62489.0,319496.0455271547,2020-06-01
3476,2020,6,molecule6,brand14,SKU44,32827.0,83698.8817154745,2020-06-01
3639,2020,7,molecule21,brand50,SKU118,44.0,3242.2406156973816,2020-07-01
3630,2020,7,molecule16,brand37,SKU96,151249.0,609477.9853810659,2020-07-01
3631,2020,7,molecule16,brand37,SKU97,90528.0,193899.02538462458,2020-07-01
3632,2020,7,molecule16,brand37,SKU98,276567.0,927350.4058404812,2020-07-01
3633,2020,7,molecule16,brand39,SKU100,10483.0,93343.4264316982,2020-07-01
3635,2020,7,molecule18,brand45,SKU109,146467.0,1417635.2847100238,2020-07-01
3636,2020,7,molecule18,brand46,SKU110,4810.0,42076.99212807765,2020-07-01
3637,2020,7,molecule18,brand46,SKU111,3032.0,28741.35977509501,2020-07-01
3638,2020,7,molecule20,brand49,SKU115,264.0,27071.626951281487,2020-07-01
3629,2020,7,molecule16,brand42,SKU103,4040.0,17972.95695626451,2020-07-01
3634,2020,7,molecule18,brand44,SKU108,6.0,65.10847309954256,2020-07-01
3628,2020,7,molecule16,brand41,SKU102,4543.0,13953.072031503858,2020-07-01
3615,2020,7,molecule14,brand31,SKU78,688.0,43510.69616385974,2020-07-01
3626,2020,7,molecule16,brand36,SKU94,352974.0,1081519.5660134058,2020-07-01
3625,2020,7,molecule16,brand36,SKU93,151817.0,257332.0139997757,2020-07-01
3624,2020,7,molecule16,brand36,SKU91,172298.0,699367.7072253614,2020-07-01
3623,2020,7,molecule16,brand35,SKU89,308.0,5617.430770347785,2020-07-01
3622,2020,7,molecule16,brand34,SKU88,6.0,39.07688956654327,2020-07-01
3621,2020,7,molecule16,brand33,SKU85,21008.0,168363.1728006755,2020-07-01
3620,2020,7,molecule16,brand33,SKU84,8485.0,86268.54249744382,2020-07-01
3619,2020,7,molecule16,brand33,SKU83,6296.0,36092.18054807401,2020-07-01
3618,2020,7,molecule16,brand33,SKU82,12095.0,237089.63752565946,2020-07-01
3617,2020,7,molecule16,brand33,SKU81,6604.0,70385.47302161744,2020-07-01
3616,2020,7,molecule14,brand31,SKU79,19.0,2219.9992194874003,2020-07-01
3640,2020,7,molecule22,brand51,SKU119,8957.0,78940.75007895342,2020-07-01
3614,2020,7,molecule13,brand30,SKU76,7257.0,147135.1058448633,2020-07-01
3627,2020,7,molecule16,brand40,SKU101,3651.0,9997.684763761774,2020-07-01
3641,2020,7,molecule22,brand51,SKU120,26851.0,123347.58171827461,2020-07-01
3654,2020,7,molecule22,brand58,SKU137,24366.0,110978.03595836165,2020-07-01
3643,2020,7,molecule22,brand54,SKU126,4678.0,12269.88574964199,2020-07-01
3670,2020,7,molecule28,brand71,SKU157,6497.0,174456.84590370778,2020-07-01
3613,2020,7,molecule11,brand28,SKU73,10028.0,129789.08224633864,2020-07-01
3668,2020,7,molecule27,brand70,SKU155,5894.0,17759.386877960413,2020-07-01
3667,2020,7,molecule27,brand70,SKU154,660.0,3947.828359834461,2020-07-01
3666,2020,7,molecule27,brand70,SKU153,3515.0,16054.955190560408,2020-07-01
3665,2020,7,molecule27,brand69,SKU152,32713.0,98262.13964935514,2020-07-01
3664,2020,7,molecule27,brand69,SKU151,4797.0,20500.225043745348,2020-07-01
3663,2020,7,molecule27,brand68,SKU150,27922.0,107599.34917489825,2020-07-01
3662,2020,7,molecule27,brand68,SKU149,6494.0,39536.47257742701,2020-07-01
3661,2020,7,molecule26,brand67,SKU148,232.0,21795.234334312503,2020-07-01
3660,2020,7,molecule25,brand65,SKU147,33976.0,68897.14412829193,2020-07-01
3659,2020,7,molecule25,brand65,SKU145,26135.0,30514.97541504347,2020-07-01
3642,2020,7,molecule22,brand51,SKU121,19867.0,126301.3507573419,2020-07-01
3658,2020,7,molecule25,brand64,SKU144,28.0,9.48829029421497,2020-07-01
3656,2020,7,molecule24,brand62,SKU142,4609.0,67685.39483199964,2020-07-01
3655,2020,7,molecule24,brand60,SKU140,23710.0,481862.82989752543,2020-07-01
3653,2020,7,molecule22,brand58,SKU136,9730.0,67253.47482407736,2020-07-01
3652,2020,7,molecule22,brand57,SKU135,16902.0,69726.33037800645,2020-07-01
3651,2020,7,molecule22,brand57,SKU134,8165.0,49194.762950019576,2020-07-01
3650,2020,7,molecule22,brand56,SKU133,101407.0,196960.4765300539,2020-07-01
3649,2020,7,molecule22,brand56,SKU132,64689.0,69253.73436733881,2020-07-01
3648,2020,7,molecule22,brand56,SKU131,268056.0,300298.93504460005,2020-07-01
3647,2020,7,molecule22,brand56,SKU130,4427.0,17697.691784468203,2020-07-01
3646,2020,7,molecule22,brand56,SKU129,23292.0,40686.393217057084,2020-07-01
3645,2020,7,molecule22,brand55,SKU128,760.0,25974.483589583855,2020-07-01
3644,2020,7,molecule22,brand54,SKU127,9890.0,16881.44814412783,2020-07-01
3657,2020,7,molecule24,brand61,SKU141,1860.0,29986.18222638886,2020-07-01
3669,2020,7,molecule27,brand70,SKU156,660.0,2649.200609888911,2020-07-01
3612,2020,7,molecule9,brand25,SKU70,130605.0,2392454.3093650583,2020-07-01
3610,2020,7,molecule9,brand25,SKU65,17282.0,60561.62380172513,2020-07-01
3579,2020,7,molecule5,brand13,SKU39,78053.0,186003.58889487718,2020-07-01
3578,2020,7,molecule5,brand13,SKU38,25167.0,110860.11877149408,2020-07-01
3577,2020,7,molecule5,brand13,SKU37,52587.0,117649.57812740037,2020-07-01
3576,2020,7,molecule5,brand13,SKU43,2542.0,16025.421724326394,2020-07-01
3575,2020,7,molecule5,brand13,SKU40,2689.0,13697.343783440207,2020-07-01
3574,2020,7,molecule5,brand13,SKU36,11947.0,37106.31050397585,2020-07-01
3573,2020,7,molecule5,brand7,SKU18,79426.0,325556.29298404447,2020-07-01
3572,2020,7,molecule5,brand7,SKU34,5055.0,19900.744884639957,2020-07-01
3571,2020,7,molecule5,brand7,SKU17,200035.0,440795.79460721527,2020-07-01
3570,2020,7,molecule5,brand7,SKU16,48450.0,176067.89246500388,2020-07-01
3569,2020,7,molecule5,brand7,SKU15,141921.0,256478.79716715036,2020-07-01
3567,2020,7,molecule5,brand7,SKU35,1769.0,8738.266152313105,2020-07-01
3580,2020,7,molecule5,brand13,SKU41,75.0,271.5620008349668,2020-07-01
3566,2020,7,molecule5,brand7,SKU14,56439.0,159939.31473083273,2020-07-01
3564,2020,7,molecule5,brand6,SKU12,17219.0,41599.0992080084,2020-07-01
3563,2020,7,molecule5,brand6,SKU11,3497.0,15706.43079624578,2020-07-01
3562,2020,7,molecule5,brand6,SKU10,5435.0,12420.06425636315,2020-07-01
3561,2020,7,molecule5,brand6,SKU9,3484.0,17712.760105843452,2020-07-01
3560,2020,7,molecule5,brand6,SKU8,6242.0,19747.57240274956,2020-07-01
3559,2020,7,molecule4,brand4,SKU6,1882.0,10430.472151545668,2020-07-01
3558,2020,7,molecule3,brand3,SKU5,31947.0,111623.7413039499,2020-07-01
3557,2020,7,molecule3,brand3,SKU4,25023.0,111977.59074814529,2020-07-01
3556,2020,7,molecule2,brand2,SKU3,20885.0,7672.894348485273,2020-07-01
3555,2020,7,molecule2,brand2,SKU2,7832.0,4277.478389923794,2020-07-01
3554,2020,7,molecule1,brand1,SKU1,578.0,4233.072736434549,2020-07-01
3611,2020,7,molecule9,brand25,SKU66,358.0,3283.4642798457685,2020-07-01
3565,2020,7,molecule5,brand6,SKU13,5448.0,20892.984197304966,2020-07-01
3581,2020,7,molecule5,brand13,SKU42,22371.0,107727.53586507944,2020-07-01
3568,2020,7,molecule5,brand7,SKU31,10100.0,54410.10027056112,2020-07-01
3583,2020,7,molecule5,brand8,SKU20,9117.0,42094.6687368583,2020-07-01
3582,2020,7,molecule5,brand8,SKU19,2152.0,16129.427388930297,2020-07-01
3608,2020,7,molecule9,brand24,SKU69,7819.0,73741.05110609824,2020-07-01
3607,2020,7,molecule9,brand24,SKU64,18639.0,81559.4035743579,2020-07-01
3606,2020,7,molecule9,brand23,SKU63,23427.0,93881.12430310165,2020-07-01
3605,2020,7,molecule9,brand22,SKU62,52977.0,1191955.091244623,2020-07-01
3604,2020,7,molecule9,brand21,SKU61,7590.0,222610.66945604025,2020-07-01
3603,2020,7,molecule8,brand19,SKU58,55298.0,74939.25328717486,2020-07-01
3602,2020,7,molecule7,brand18,SKU57,2416.0,240145.13563664714,2020-07-01
3601,2020,7,molecule7,brand18,SKU56,795.0,78670.3989632577,2020-07-01
3600,2020,7,molecule6,brand16,SKU52,1612.0,8406.44447133549,2020-07-01
3599,2020,7,molecule6,brand16,SKU51,543.0,4867.872170733641,2020-07-01
3598,2020,7,molecule6,brand16,SKU50,971.0,7318.483991355913,2020-07-01
3597,2020,7,molecule6,brand15,SKU49,122789.0,487753.9000381171,2020-07-01
3609,2020,7,molecule9,brand24,SKU68,22327.0,403160.9992054631,2020-07-01
3595,2020,7,molecule6,brand15,SKU47,63438.0,316280.06786469853,2020-07-01
3596,2020,7,molecule6,brand15,SKU48,12937.0,85312.59801134629,2020-07-01
3585,2020,7,molecule5,brand9,SKU22,16.0,27.105902853408818,2020-07-01
3586,2020,7,molecule5,brand9,SKU23,273.0,477.6090289096358,2020-07-01
3587,2020,7,molecule5,brand10,SKU24,13722.0,183079.92048231233,2020-07-01
3588,2020,7,molecule5,brand10,SKU25,9924.0,218411.20665334107,2020-07-01
3589,2020,7,molecule5,brand10,SKU26,50749.0,460441.5696489856,2020-07-01
3584,2020,7,molecule5,brand9,SKU21,9.0,17.797103027662843,2020-07-01
3591,2020,7,molecule5,brand11,SKU28,92900.0,573787.6766808906,2020-07-01
3592,2020,7,molecule6,brand14,SKU44,39848.0,100036.97229958457,2020-07-01
3593,2020,7,molecule6,brand14,SKU45,9327.0,28456.650681561798,2020-07-01
3594,2020,7,molecule6,brand14,SKU46,65640.0,147237.6912217724,2020-07-01
3590,2020,7,molecule5,brand10,SKU27,38500.0,521766.16047136957,2020-07-01
3785,2020,8,molecule28,brand71,SKU157,6478.0,163627.95572809473,2020-08-01
3746,2020,8,molecule16,brand37,SKU98,193896.0,604153.7701094734,2020-08-01
3747,2020,8,molecule16,brand39,SKU100,6622.0,51168.95757678512,2020-08-01
3754,2020,8,molecule21,brand50,SKU117,776.0,70697.24763326549,2020-08-01
3748,2020,8,molecule18,brand44,SKU108,13.0,134.08539428339753,2020-08-01
3750,2020,8,molecule18,brand46,SKU110,5715.0,46500.120639382476,2020-08-01
3751,2020,8,molecule18,brand46,SKU111,1910.0,16881.793424431202,2020-08-01
3752,2020,8,molecule20,brand49,SKU115,192.0,18798.694692485897,2020-08-01
3753,2020,8,molecule21,brand50,SKU118,19.0,1302.993783363745,2020-08-01
3745,2020,8,molecule16,brand37,SKU97,86240.0,172227.36578093964,2020-08-01
3749,2020,8,molecule18,brand45,SKU109,109208.0,1001350.7376152833,2020-08-01
3744,2020,8,molecule16,brand37,SKU96,142160.0,532612.439558902,2020-08-01
3737,2020,8,molecule16,brand35,SKU89,283.0,4793.924300440724,2020-08-01
3742,2020,8,molecule16,brand41,SKU102,4502.0,12866.955634485596,2020-08-01
3741,2020,8,molecule16,brand40,SKU101,4266.0,10897.973166498841,2020-08-01
3740,2020,8,molecule16,brand36,SKU94,313126.0,892350.1332181519,2020-08-01
3739,2020,8,molecule16,brand36,SKU93,154698.0,243783.38457908158,2020-08-01
3738,2020,8,molecule16,brand36,SKU91,172703.0,651939.0263522146,2020-08-01
3736,2020,8,molecule16,brand33,SKU85,14231.0,104255.03504532458,2020-08-01
3735,2020,8,molecule16,brand33,SKU84,9199.0,87696.65781659834,2020-08-01
3734,2020,8,molecule16,brand33,SKU83,4932.0,26464.97617191386,2020-08-01
3733,2020,8,molecule16,brand33,SKU82,12193.0,221914.19000680573,2020-08-01
3732,2020,8,molecule16,brand33,SKU81,6318.0,64462.48305876563,2020-08-01
3731,2020,8,molecule14,brand31,SKU78,1128.0,69570.06567898415,2020-08-01
3755,2020,8,molecule22,brand51,SKU119,8734.0,71528.0450945305,2020-08-01
3743,2020,8,molecule16,brand42,SKU103,5268.0,21801.335827337403,2020-08-01
3756,2020,8,molecule22,brand51,SKU120,28956.0,123728.7953400341,2020-08-01
3730,2020,8,molecule13,brand30,SKU76,4901.0,92616.2425797348,2020-08-01
3758,2020,8,molecule22,brand54,SKU126,4703.0,11481.03402715065,2020-08-01
3784,2020,8,molecule27,brand70,SKU156,4753.0,17882.80081983797,2020-08-01
3783,2020,8,molecule27,brand70,SKU155,5419.0,15166.74123208483,2020-08-01
3782,2020,8,molecule27,brand70,SKU154,3060.0,17171.925331266513,2020-08-01
3781,2020,8,molecule27,brand70,SKU153,1712.0,7284.181953776942,2020-08-01
3780,2020,8,molecule27,brand69,SKU152,23898.0,66341.88573233374,2020-08-01
3779,2020,8,molecule27,brand69,SKU151,3468.0,12747.686970990995,2020-08-01
3778,2020,8,molecule27,brand68,SKU150,27002.0,97749.25423745088,2020-08-01
3777,2020,8,molecule27,brand68,SKU149,5938.0,33806.14257162377,2020-08-01
3776,2020,8,molecule26,brand67,SKU148,123.0,10088.996143190514,2020-08-01
3775,2020,8,molecule25,brand65,SKU147,28526.0,53882.81502615218,2020-08-01
3774,2020,8,molecule25,brand65,SKU145,22312.0,24229.61488321621,2020-08-01
3773,2020,8,molecule25,brand64,SKU144,51205.0,18633.18997297287,2020-08-01
3757,2020,8,molecule22,brand51,SKU121,19757.0,116410.54019817761,2020-08-01
3772,2020,8,molecule24,brand61,SKU141,4288.0,64629.553619477774,2020-08-01
3770,2020,8,molecule24,brand60,SKU140,24947.0,461018.1923640613,2020-08-01
3769,2020,8,molecule22,brand58,SKU137,9953.0,42970.426566528055,2020-08-01
3768,2020,8,molecule22,brand58,SKU136,4483.0,28740.601817993444,2020-08-01
3767,2020,8,molecule22,brand57,SKU135,18950.0,72937.71663326817,2020-08-01
3766,2020,8,molecule22,brand57,SKU134,7094.0,39481.54314726098,2020-08-01
3765,2020,8,molecule22,brand56,SKU133,101235.0,181949.42566812213,2020-08-01
3764,2020,8,molecule22,brand56,SKU132,62207.0,61470.97253066345,2020-08-01
3763,2020,8,molecule22,brand56,SKU131,245726.0,256921.0643969543,2020-08-01
3762,2020,8,molecule22,brand56,SKU130,4163.0,15475.396727953299,2020-08-01
3761,2020,8,molecule22,brand56,SKU129,21485.0,35165.86322293625,2020-08-01
3760,2020,8,molecule22,brand55,SKU128,616.0,19206.87942235479,2020-08-01
3759,2020,8,molecule22,brand54,SKU127,7389.0,11487.234528911882,2020-08-01
3771,2020,8,molecule24,brand62,SKU142,3842.0,52611.04647117376,2020-08-01
3729,2020,8,molecule11,brand28,SKU73,33879.0,464275.9927170977,2020-08-01
3710,2020,8,molecule6,brand14,SKU46,63020.0,131233.6426268526,2020-08-01
3727,2020,8,molecule9,brand25,SKU66,119.0,1084.692484556213,2020-08-01
3695,2020,8,molecule5,brand13,SKU38,26433.0,108556.56839983593,2020-08-01
3694,2020,8,molecule5,brand13,SKU37,42836.0,88690.14169247486,2020-08-01
3693,2020,8,molecule5,brand13,SKU43,4753.0,27827.67415855388,2020-08-01
3692,2020,8,molecule5,brand13,SKU40,1722.0,8099.811987197792,2020-08-01
3691,2020,8,molecule5,brand13,SKU36,15821.0,46192.24125356156,2020-08-01
3690,2020,8,molecule5,brand7,SKU18,72963.0,277918.6724569468,2020-08-01
3689,2020,8,molecule5,brand7,SKU34,2469.0,9058.279200446279,2020-08-01
3688,2020,8,molecule5,brand7,SKU17,194106.0,396539.0405150633,2020-08-01
3687,2020,8,molecule5,brand7,SKU16,51120.0,172595.66022608522,2020-08-01
3686,2020,8,molecule5,brand7,SKU15,153150.0,258467.97873365317,2020-08-01
3685,2020,8,molecule5,brand7,SKU31,11982.0,60076.26490164849,2020-08-01
3684,2020,8,molecule5,brand7,SKU35,3358.0,15380.729965510398,2020-08-01
3683,2020,8,molecule5,brand7,SKU14,58811.0,155159.0487645938,2020-08-01
3682,2020,8,molecule5,brand6,SKU13,3990.0,14358.897524465614,2020-08-01
3681,2020,8,molecule5,brand6,SKU12,12365.0,28009.909933737104,2020-08-01
3680,2020,8,molecule5,brand6,SKU11,2482.0,10388.259111588975,2020-08-01
3679,2020,8,molecule5,brand6,SKU10,4983.0,10633.492781966861,2020-08-01
3678,2020,8,molecule5,brand6,SKU9,2133.0,10056.466040674046,2020-08-01
3677,2020,8,molecule5,brand6,SKU8,4364.0,12927.621367602533,2020-08-01
3676,2020,8,molecule4,brand4,SKU6,1536.0,7920.540053071073,2020-08-01
3675,2020,8,molecule3,brand3,SKU5,19943.0,66471.06359195578,2020-08-01
3674,2020,8,molecule3,brand3,SKU4,15984.0,68171.00340123696,2020-08-01
3673,2020,8,molecule2,brand2,SKU3,20496.0,6975.360606374338,2020-08-01
3672,2020,8,molecule2,brand2,SKU2,7380.0,3767.5762057030374,2020-08-01
3671,2020,8,molecule1,brand1,SKU1,795.0,5473.1469197122915,2020-08-01
3696,2020,8,molecule5,brand13,SKU39,80924.0,178888.7448653082,2020-08-01
3697,2020,8,molecule5,brand13,SKU41,16.0,36.77059260760866,2020-08-01
3728,2020,8,molecule9,brand25,SKU70,127703.0,2177186.0322745778,2020-08-01
3699,2020,8,molecule5,brand8,SKU19,2768.0,19144.952725661195,2020-08-01
3698,2020,8,molecule5,brand13,SKU42,29129.0,130188.6571553099,2020-08-01
3726,2020,8,molecule9,brand25,SKU65,16010.0,52174.98172575567,2020-08-01
3725,2020,8,molecule9,brand24,SKU68,20028.0,336038.9833323241,2020-08-01
3724,2020,8,molecule9,brand24,SKU69,6340.0,55565.61908229003,2020-08-01
3723,2020,8,molecule9,brand24,SKU64,18938.0,77201.9838298921,2020-08-01
3722,2020,8,molecule9,brand23,SKU63,22506.0,84088.32016200222,2020-08-01
3721,2020,8,molecule9,brand22,SKU62,37859.0,792551.2483929809,2020-08-01
3720,2020,8,molecule9,brand21,SKU61,7062.0,198562.78091262767,2020-08-01
3718,2020,8,molecule7,brand18,SKU57,1938.0,183677.0545359685,2020-08-01
3717,2020,8,molecule7,brand18,SKU56,855.0,78980.33039419392,2020-08-01
3716,2020,8,molecule6,brand16,SKU52,1087.0,4685.80402020993,2020-08-01
3715,2020,8,molecule6,brand16,SKU51,320.0,2651.8430895569218,2020-08-01
3714,2020,8,molecule6,brand16,SKU50,789.0,5132.566870163777,2020-08-01
3719,2020,8,molecule8,brand19,SKU58,53460.0,67345.02118432237,2020-08-01
3712,2020,8,molecule6,brand15,SKU48,13839.0,84962.26391781539,2020-08-01
3713,2020,8,molecule6,brand15,SKU49,116625.0,430279.95129072707,2020-08-01
3701,2020,8,molecule5,brand9,SKU22,19.0,27.25443160573914,2020-08-01
3702,2020,8,molecule5,brand9,SKU23,145.0,200.03822599646844,2020-08-01
3703,2020,8,molecule5,brand10,SKU24,14731.0,181121.2643037521,2020-08-01
3705,2020,8,molecule5,brand10,SKU26,46304.0,392576.4700176571,2020-08-01
3704,2020,8,molecule5,brand10,SKU25,10342.0,209171.6751122804,2020-08-01
3707,2020,8,molecule5,brand11,SKU28,75552.0,449190.21272605,2020-08-01
3700,2020,8,molecule5,brand8,SKU20,8699.0,36924.400949001654,2020-08-01
3708,2020,8,molecule6,brand14,SKU44,34397.0,80020.93189342417,2020-08-01
3709,2020,8,molecule6,brand14,SKU45,8501.0,24079.89038498989,2020-08-01
3711,2020,8,molecule6,brand15,SKU47,64041.0,297698.4245948245,2020-08-01
3706,2020,8,molecule5,brand10,SKU27,34297.0,431610.0812376239,2020-08-01
3865,2020,9,molecule18,brand45,SKU109,112334.0,1003401.3004442062,2020-09-01
3863,2020,9,molecule16,brand39,SKU100,33483.0,158752.26736284373,2020-09-01
3864,2020,9,molecule18,brand44,SKU108,6.0,59.587614470351355,2020-09-01
3866,2020,9,molecule18,brand46,SKU110,7075.0,58564.406026233875,2020-09-01
3872,2020,9,molecule22,brand51,SKU119,9192.0,73446.60913109858,2020-09-01
3868,2020,9,molecule20,brand49,SKU115,258.0,25077.973997151763,2020-09-01
3869,2020,9,molecule20,brand49,SKU116,85.0,8677.459191184462,2020-09-01
3870,2020,9,molecule21,brand50,SKU118,283.0,27037.834254869274,2020-09-01
3871,2020,9,molecule21,brand50,SKU117,619.0,56545.60221600295,2020-09-01
3862,2020,9,molecule16,brand37,SKU98,300484.0,917026.6885333958,2020-09-01
3867,2020,9,molecule18,brand46,SKU111,2827.0,23511.520536576387,2020-09-01
3861,2020,9,molecule16,brand37,SKU97,94826.0,183668.7224782887,2020-09-01
3847,2020,9,molecule16,brand33,SKU81,9626.0,100618.26551837091,2020-09-01
3859,2020,9,molecule16,brand42,SKU103,5375.0,21391.861763984514,2020-09-01
3858,2020,9,molecule16,brand41,SKU102,6343.0,17427.969046204293,2020-09-01
3857,2020,9,molecule16,brand40,SKU101,4496.0,11045.266479030823,2020-09-01
3856,2020,9,molecule16,brand36,SKU94,315699.0,864518.5762966572,2020-09-01
3855,2020,9,molecule16,brand36,SKU93,152546.0,231256.81323243084,2020-09-01
3854,2020,9,molecule16,brand36,SKU91,169401.0,614540.1594427504,2020-09-01
3853,2020,9,molecule16,brand35,SKU89,324.0,5275.882684245005,2020-09-01
3851,2020,9,molecule16,brand33,SKU85,45135.0,346559.4016566796,2020-09-01
3850,2020,9,molecule16,brand33,SKU84,9491.0,90126.40711481069,2020-09-01
3849,2020,9,molecule16,brand33,SKU83,6720.0,37461.56398292919,2020-09-01
3848,2020,9,molecule16,brand33,SKU82,19051.0,366285.9152500414,2020-09-01
3873,2020,9,molecule22,brand51,SKU120,28466.0,119013.62762752865,2020-09-01
3860,2020,9,molecule16,brand37,SKU96,128793.0,467524.4993853978,2020-09-01
3874,2020,9,molecule22,brand51,SKU121,21448.0,123168.12660019625,2020-09-01
3888,2020,9,molecule24,brand62,SKU142,6249.0,83208.90583413682,2020-09-01
3876,2020,9,molecule22,brand54,SKU127,7813.0,12339.77217385438,2020-09-01
3846,2020,9,molecule14,brand31,SKU78,641.0,38111.625576888524,2020-09-01
3902,2020,9,molecule28,brand71,SKU157,5988.0,153080.9512749004,2020-09-01
3901,2020,9,molecule27,brand70,SKU156,4722.0,17102.39507462962,2020-09-01
3900,2020,9,molecule27,brand70,SKU155,5922.0,15958.048643979488,2020-09-01
3899,2020,9,molecule27,brand70,SKU154,2262.0,12226.818196185388,2020-09-01
3898,2020,9,molecule27,brand70,SKU153,2695.0,11027.908054849175,2020-09-01
3897,2020,9,molecule27,brand69,SKU152,25481.0,68289.038262477,2020-09-01
3896,2020,9,molecule27,brand69,SKU151,2108.0,7835.439778995795,2020-09-01
3895,2020,9,molecule27,brand68,SKU150,28896.0,100745.60644945699,2020-09-01
3894,2020,9,molecule27,brand68,SKU149,6280.0,34653.10470978814,2020-09-01
3893,2020,9,molecule26,brand67,SKU148,179.0,15106.301171109864,2020-09-01
3892,2020,9,molecule25,brand65,SKU147,22371.0,40878.45572208309,2020-09-01
3875,2020,9,molecule22,brand54,SKU126,5096.0,12218.490338606605,2020-09-01
3891,2020,9,molecule25,brand65,SKU145,22158.0,23458.89824958027,2020-09-01
3889,2020,9,molecule24,brand61,SKU141,2611.0,37584.299313937976,2020-09-01
3887,2020,9,molecule24,brand60,SKU140,26644.0,488233.14692500746,2020-09-01
3886,2020,9,molecule22,brand58,SKU137,5847.0,24479.19033540973,2020-09-01
3885,2020,9,molecule22,brand58,SKU136,3820.0,23907.938270506394,2020-09-01
3884,2020,9,molecule22,brand57,SKU135,19025.0,70550.4047403168,2020-09-01
3883,2020,9,molecule22,brand57,SKU134,8124.0,43683.54587305482,2020-09-01
3882,2020,9,molecule22,brand56,SKU133,100515.0,174148.73164786265,2020-09-01
3881,2020,9,molecule22,brand56,SKU132,68034.0,64735.52869915638,2020-09-01
3880,2020,9,molecule22,brand56,SKU131,260774.0,259542.06081087657,2020-09-01
3879,2020,9,molecule22,brand56,SKU130,4741.0,16779.272585374958,2020-09-01
3878,2020,9,molecule22,brand56,SKU129,26468.0,41724.66448563627,2020-09-01
3877,2020,9,molecule22,brand55,SKU128,522.0,15911.819718439874,2020-09-01
3890,2020,9,molecule25,brand64,SKU144,29126.0,10215.622596178779,2020-09-01
3845,2020,9,molecule13,brand30,SKU76,8410.0,170850.658202534,2020-09-01
3844,2020,9,molecule11,brand28,SKU73,21825.0,284413.98502810206,2020-09-01
3786,2020,9,molecule1,brand1,SKU1,974.0,6683.003804469664,2020-09-01
3812,2020,9,molecule5,brand13,SKU41,13.0,42.50160745599795,2020-09-01
3811,2020,9,molecule5,brand13,SKU39,90761.0,192087.46991055793,2020-09-01
3810,2020,9,molecule5,brand13,SKU38,26826.0,105176.20302878422,2020-09-01
3809,2020,9,molecule5,brand13,SKU37,52999.0,105762.06138414695,2020-09-01
3808,2020,9,molecule5,brand13,SKU43,3047.0,16953.630254655334,2020-09-01
3807,2020,9,molecule5,brand13,SKU40,858.0,3804.585642843227,2020-09-01
3806,2020,9,molecule5,brand13,SKU36,17078.0,47450.80387102495,2020-09-01
3805,2020,9,molecule5,brand7,SKU18,74820.0,274334.92314044724,2020-09-01
3804,2020,9,molecule5,brand7,SKU34,2878.0,10182.965616423347,2020-09-01
3803,2020,9,molecule5,brand7,SKU17,194728.0,383098.75326254114,2020-09-01
3802,2020,9,molecule5,brand7,SKU16,50385.0,163675.71078378847,2020-09-01
3800,2020,9,molecule5,brand7,SKU31,9287.0,44856.06409257577,2020-09-01
3813,2020,9,molecule5,brand13,SKU42,26085.0,111774.91824615172,2020-09-01
3799,2020,9,molecule5,brand7,SKU35,641.0,2848.019593516434,2020-09-01
3797,2020,9,molecule5,brand6,SKU13,3478.0,12233.01860655292,2020-09-01
3796,2020,9,molecule5,brand6,SKU12,11596.0,25411.820750142768,2020-09-01
3795,2020,9,molecule5,brand6,SKU11,2347.0,9528.727144859235,2020-09-01
3794,2020,9,molecule5,brand6,SKU10,4690.0,9653.515110088541,2020-09-01
3793,2020,9,molecule5,brand6,SKU9,1803.0,8295.174342359098,2020-09-01
3792,2020,9,molecule5,brand6,SKU8,3638.0,10446.64285082115,2020-09-01
3791,2020,9,molecule4,brand4,SKU6,1329.0,6618.358093614074,2020-09-01
3790,2020,9,molecule3,brand3,SKU5,10512.0,34007.50527588594,2020-09-01
3789,2020,9,molecule3,brand3,SKU4,9296.0,38688.50329120744,2020-09-01
3788,2020,9,molecule2,brand2,SKU3,19575.0,6392.582746346583,2020-09-01
3787,2020,9,molecule2,brand2,SKU2,7618.0,3689.0831500847953,2020-09-01
3843,2020,9,molecule9,brand25,SKU70,144039.0,2360027.2922459273,2020-09-01
3798,2020,9,molecule5,brand7,SKU14,55000.0,139497.89356564637,2020-09-01
3814,2020,9,molecule5,brand8,SKU19,1948.0,13043.7705669517,2020-09-01
3801,2020,9,molecule5,brand7,SKU15,144149.0,233325.46234016868,2020-09-01
3816,2020,9,molecule5,brand9,SKU22,25.0,38.22680554653501,2020-09-01
3815,2020,9,molecule5,brand8,SKU20,8633.0,35675.068151509025,2020-09-01
3841,2020,9,molecule9,brand25,SKU65,17093.0,53572.74005427052,2020-09-01
3840,2020,9,molecule9,brand24,SKU68,22811.0,367906.22589639324,2020-09-01
3839,2020,9,molecule9,brand24,SKU69,6195.0,52055.34178159751,2020-09-01
3838,2020,9,molecule9,brand24,SKU64,16858.0,66061.76189582312,2020-09-01
3837,2020,9,molecule9,brand23,SKU63,19707.0,70569.86222588907,2020-09-01
3836,2020,9,molecule9,brand22,SKU62,37366.0,754565.3641347107,2020-09-01
3835,2020,9,molecule9,brand21,SKU61,5847.0,172583.4429976114,2020-09-01
3834,2020,9,molecule8,brand19,SKU58,52377.0,63443.831092345565,2020-09-01
3833,2020,9,molecule7,brand18,SKU57,2576.0,241711.35946216976,2020-09-01
3832,2020,9,molecule7,brand18,SKU56,833.0,76849.31945882627,2020-09-01
3831,2020,9,molecule6,brand16,SKU52,1417.0,6088.383140119873,2020-09-01
3830,2020,9,molecule6,brand16,SKU51,789.0,5764.096427823811,2020-09-01
3842,2020,9,molecule9,brand25,SKU66,179.0,1618.7188139863188,2020-09-01
3828,2020,9,molecule6,brand15,SKU49,119095.0,422242.04567897454,2020-09-01
3829,2020,9,molecule6,brand16,SKU50,1411.0,8649.000084258418,2020-09-01
3818,2020,9,molecule5,brand10,SKU24,13185.0,158252.3605916287,2020-09-01
3819,2020,9,molecule5,brand10,SKU25,10600.0,209363.60598657065,2020-09-01
3820,2020,9,molecule5,brand10,SKU26,52414.0,432892.13057679724,2020-09-01
3821,2020,9,molecule5,brand10,SKU27,43596.0,542477.0040427411,2020-09-01
3822,2020,9,molecule5,brand11,SKU28,65911.0,380298.70642349345,2020-09-01
3817,2020,9,molecule5,brand9,SKU23,72.0,101.16039544688293,2020-09-01
3824,2020,9,molecule6,brand14,SKU45,9233.0,25396.441945724007,2020-09-01
3825,2020,9,molecule6,brand14,SKU46,61673.0,123455.5621380227,2020-09-01
3826,2020,9,molecule6,brand15,SKU47,64073.0,286706.32209005096,2020-09-01
3827,2020,9,molecule6,brand15,SKU48,15070.0,89037.92130187544,2020-09-01
3823,2020,9,molecule6,brand14,SKU44,35575.0,79841.70133642027,2020-09-01
3978,2020,10,molecule16,brand37,SKU97,97952.0,196720.37675709385,2020-10-01
3979,2020,10,molecule16,brand37,SKU98,310330.0,977136.9901500252,2020-10-01
3980,2020,10,molecule16,brand39,SKU100,15413.0,77615.01567601519,2020-10-01
3988,2020,10,molecule21,brand50,SKU117,311.0,29288.06798001398,2020-10-01
3981,2020,10,molecule18,brand44,SKU108,16.0,163.82505017272535,2020-10-01
3984,2020,10,molecule18,brand46,SKU111,1593.0,13889.44798885676,2020-10-01
3983,2020,10,molecule18,brand46,SKU110,6465.0,55497.02383941847,2020-10-01
3985,2020,10,molecule20,brand49,SKU115,317.0,31687.223120660477,2020-10-01
3986,2020,10,molecule20,brand49,SKU116,204.0,20399.45811330306,2020-10-01
3987,2020,10,molecule21,brand50,SKU118,390.0,37030.17001416832,2020-10-01
3977,2020,10,molecule16,brand37,SKU96,170554.0,640864.236746829,2020-10-01
3982,2020,10,molecule18,brand45,SKU109,117869.0,1066349.0616571223,2020-10-01
3976,2020,10,molecule16,brand42,SKU103,1539.0,6224.020192633728,2020-10-01
3970,2020,10,molecule16,brand35,SKU89,368.0,6069.327039000736,2020-10-01
3974,2020,10,molecule16,brand40,SKU101,6824.0,17022.167171287056,2020-10-01
3973,2020,10,molecule16,brand36,SKU94,333719.0,926772.3707399179,2020-10-01
3972,2020,10,molecule16,brand36,SKU93,168886.0,259345.11286111662,2020-10-01
3971,2020,10,molecule16,brand36,SKU91,184663.0,679398.5255941068,2020-10-01
3969,2020,10,molecule16,brand33,SKU86,13964.0,143444.16639392322,2020-10-01
3968,2020,10,molecule16,brand33,SKU85,13710.0,107594.77597057313,2020-10-01
3967,2020,10,molecule16,brand33,SKU84,10666.0,107130.25181647357,2020-10-01
3966,2020,10,molecule16,brand33,SKU83,5601.0,31879.96874830991,2020-10-01
3965,2020,10,molecule16,brand33,SKU82,15607.0,305015.6886607868,2020-10-01
3964,2020,10,molecule16,brand33,SKU81,5290.0,55826.62988681488,2020-10-01
3963,2020,10,molecule14,brand31,SKU79,13.0,1378.484586280635,2020-10-01
3989,2020,10,molecule22,brand51,SKU119,9164.0,74356.75816914793,2020-10-01
3975,2020,10,molecule16,brand41,SKU102,7552.0,21044.81169165063,2020-10-01
3990,2020,10,molecule22,brand51,SKU120,32007.0,135817.86845604324,2020-10-01
3962,2020,10,molecule14,brand31,SKU78,587.0,35798.07292660891,2020-10-01
3992,2020,10,molecule22,brand54,SKU126,5551.0,13410.615357182134,2020-10-01
4018,2020,10,molecule27,brand70,SKU156,6704.0,24526.93257933303,2020-10-01
4017,2020,10,molecule27,brand70,SKU155,4920.0,13410.436842115247,2020-10-01
4016,2020,10,molecule27,brand70,SKU154,1238.0,6770.231601343731,2020-10-01
4015,2020,10,molecule27,brand70,SKU153,2268.0,9402.200578441101,2020-10-01
4014,2020,10,molecule27,brand69,SKU152,12595.0,32863.08623211689,2020-10-01
4013,2020,10,molecule27,brand69,SKU151,1508.0,6201.643901683388,2020-10-01
4012,2020,10,molecule27,brand68,SKU150,34799.0,123532.73313112797,2020-10-01
4011,2020,10,molecule27,brand68,SKU149,6846.0,38650.97290859276,2020-10-01
4010,2020,10,molecule26,brand67,SKU148,289.0,24475.128620983145,2020-10-01
4009,2020,10,molecule25,brand65,SKU147,21234.0,39513.204131954895,2020-10-01
4008,2020,10,molecule25,brand65,SKU145,22723.0,24494.450677358465,2020-10-01
4007,2020,10,molecule25,brand64,SKU144,28758.0,10230.667024739403,2020-10-01
3991,2020,10,molecule22,brand51,SKU121,23094.0,135573.23129190283,2020-10-01
4006,2020,10,molecule24,brand61,SKU141,3651.0,55055.48556725431,2020-10-01
4004,2020,10,molecule24,brand60,SKU140,29833.0,568208.229181617,2020-10-01
4003,2020,10,molecule22,brand58,SKU137,14118.0,60083.80493150817,2020-10-01
4002,2020,10,molecule22,brand58,SKU136,7106.0,46738.54073755385,2020-10-01
4001,2020,10,molecule22,brand57,SKU135,19930.0,74791.87286416123,2020-10-01
4000,2020,10,molecule22,brand57,SKU134,7414.0,40594.16539082867,2020-10-01
3999,2020,10,molecule22,brand56,SKU133,102812.0,180103.76168568368,2020-10-01
3998,2020,10,molecule22,brand56,SKU132,68339.0,65978.56197930155,2020-10-01
3997,2020,10,molecule22,brand56,SKU131,274063.0,277460.0249435641,2020-10-01
3996,2020,10,molecule22,brand56,SKU130,4687.0,16854.66783871606,2020-10-01
3995,2020,10,molecule22,brand56,SKU129,21225.0,33806.350329381334,2020-10-01
4019,2020,10,molecule28,brand71,SKU157,5777.0,153058.4970306052,2020-10-01
3993,2020,10,molecule22,brand54,SKU127,12859.0,20677.06942176403,2020-10-01
4005,2020,10,molecule24,brand62,SKU142,4320.0,58222.367702821975,2020-10-01
3961,2020,10,molecule13,brand30,SKU76,11998.0,247325.75264576366,2020-10-01
3994,2020,10,molecule22,brand55,SKU128,773.0,23795.90967090488,2020-10-01
3959,2020,10,molecule9,brand25,SKU70,140863.0,2340490.140173973,2020-10-01
3928,2020,10,molecule5,brand13,SKU39,85316.0,182993.08422357088,2020-10-01
3927,2020,10,molecule5,brand13,SKU38,26091.0,103331.78935174106,2020-10-01
3926,2020,10,molecule5,brand13,SKU37,50661.0,102751.08861812174,2020-10-01
3925,2020,10,molecule5,brand13,SKU43,3107.0,17455.14741674788,2020-10-01
3924,2020,10,molecule5,brand13,SKU40,870.0,3811.198430057194,2020-10-01
3923,2020,10,molecule5,brand13,SKU36,16440.0,46516.614570364596,2020-10-01
3922,2020,10,molecule5,brand7,SKU18,80296.0,298181.1326495235,2020-10-01
3921,2020,10,molecule5,brand7,SKU34,3792.0,13615.770046336902,2020-10-01
3920,2020,10,molecule5,brand7,SKU17,203849.0,405258.12076900055,2020-10-01
3919,2020,10,molecule5,brand7,SKU16,54362.0,178962.68131167817,2020-10-01
3918,2020,10,molecule5,brand7,SKU15,152571.0,251228.2274908146,2020-10-01
3916,2020,10,molecule5,brand7,SKU35,427.0,1904.8409137532315,2020-10-01
3915,2020,10,molecule5,brand7,SKU14,56011.0,143785.84613810168,2020-10-01
3914,2020,10,molecule5,brand6,SKU13,3157.0,11394.689920065717,2020-10-01
3913,2020,10,molecule5,brand6,SKU12,11212.0,24931.83219346319,2020-10-01
3912,2020,10,molecule5,brand6,SKU11,2033.0,8365.436175212868,2020-10-01
3911,2020,10,molecule5,brand6,SKU10,4492.0,9385.965989345388,2020-10-01
3910,2020,10,molecule5,brand6,SKU9,1433.0,6697.541870777455,2020-10-01
3909,2020,10,molecule5,brand6,SKU8,2268.0,6618.907895352014,2020-10-01
3908,2020,10,molecule4,brand4,SKU6,1455.0,7254.200970518834,2020-10-01
3907,2020,10,molecule3,brand3,SKU5,25569.0,87593.05257032561,2020-10-01
3906,2020,10,molecule3,brand3,SKU4,22324.0,99452.05134708446,2020-10-01
3905,2020,10,molecule2,brand2,SKU3,22365.0,7675.229849751136,2020-10-01
3904,2020,10,molecule2,brand2,SKU2,7270.0,3603.3585514721685,2020-10-01
3903,2020,10,molecule1,brand1,SKU1,760.0,5105.102258282477,2020-10-01
3929,2020,10,molecule5,brand13,SKU41,3.0,5.349564073038332,2020-10-01
3930,2020,10,molecule5,brand13,SKU42,30863.0,133735.39729186276,2020-10-01
3917,2020,10,molecule5,brand7,SKU31,9620.0,47024.65754566829,2020-10-01
3932,2020,10,molecule5,brand8,SKU20,7967.0,34101.47153088955,2020-10-01
3931,2020,10,molecule5,brand8,SKU19,3255.0,23064.07349515169,2020-10-01
3958,2020,10,molecule9,brand25,SKU66,91.0,741.462493263978,2020-10-01
3957,2020,10,molecule9,brand25,SKU65,18686.0,59375.686625957045,2020-10-01
3956,2020,10,molecule9,brand24,SKU68,21614.0,353606.5478914733,2020-10-01
3955,2020,10,molecule9,brand24,SKU69,7961.0,67807.05269972722,2020-10-01
3954,2020,10,molecule9,brand24,SKU64,20540.0,81591.11616374002,2020-10-01
3953,2020,10,molecule9,brand23,SKU63,21576.0,78430.5687313505,2020-10-01
3952,2020,10,molecule9,brand22,SKU62,41416.0,847806.9872200111,2020-10-01
3951,2020,10,molecule9,brand21,SKU61,6908.0,213592.48826255414,2020-10-01
3950,2020,10,molecule8,brand19,SKU58,52474.0,64384.33810818162,2020-10-01
3949,2020,10,molecule7,brand18,SKU57,2168.0,211738.05909000072,2020-10-01
3948,2020,10,molecule7,brand18,SKU56,864.0,81456.32671210877,2020-10-01
3947,2020,10,molecule6,brand16,SKU52,902.0,4133.371249970622,2020-10-01
3946,2020,10,molecule6,brand16,SKU51,600.0,4712.489809136081,2020-10-01
3960,2020,10,molecule11,brand28,SKU73,40668.0,570990.3215393306,2020-10-01
3933,2020,10,molecule5,brand9,SKU23,63.0,73.44282776772496,2020-10-01
3945,2020,10,molecule6,brand16,SKU50,820.0,5211.673080934991,2020-10-01
3934,2020,10,molecule5,brand10,SKU24,16167.0,198395.42613194982,2020-10-01
3935,2020,10,molecule5,brand10,SKU25,15303.0,298231.43414002634,2020-10-01
3936,2020,10,molecule5,brand10,SKU26,68534.0,584733.3260249529,2020-10-01
3938,2020,10,molecule5,brand11,SKU28,76517.0,450012.3876006978,2020-10-01
3937,2020,10,molecule5,brand10,SKU27,51063.0,645311.3705431154,2020-10-01
3940,2020,10,molecule6,brand14,SKU45,9629.0,26703.008855957767,2020-10-01
3941,2020,10,molecule6,brand14,SKU46,64849.0,131512.38217773696,2020-10-01
3942,2020,10,molecule6,brand15,SKU47,67566.0,306462.6945530381,2020-10-01
3943,2020,10,molecule6,brand15,SKU48,14668.0,89638.38133216446,2020-10-01
3944,2020,10,molecule6,brand15,SKU49,122682.0,440794.5362966061,2020-10-01
3939,2020,10,molecule6,brand14,SKU44,36194.0,82243.35338868029,2020-10-01
4102,2020,11,molecule18,brand46,SKU110,10210.0,85942.83884601489,2020-11-01
4099,2020,11,molecule16,brand37,SKU98,294710.0,924972.7487461265,2020-11-01
4100,2020,11,molecule16,brand39,SKU100,31765.0,167520.6816980272,2020-11-01
4101,2020,11,molecule18,brand45,SKU109,108781.0,987421.0099265395,2020-11-01
4103,2020,11,molecule18,brand46,SKU111,2388.0,20059.11244174429,2020-11-01
4109,2020,11,molecule22,brand51,SKU120,26295.0,113470.27725124138,2020-11-01
4105,2020,11,molecule20,brand49,SKU116,129.0,12747.13750186907,2020-11-01
4106,2020,11,molecule21,brand50,SKU118,214.0,18723.64916758432,2020-11-01
4107,2020,11,molecule21,brand50,SKU117,273.0,25881.690046315358,2020-11-01
4108,2020,11,molecule22,brand51,SKU119,8960.0,72007.18086681193,2020-11-01
4098,2020,11,molecule16,brand37,SKU97,105580.0,213448.96075550956,2020-11-01
4104,2020,11,molecule20,brand49,SKU115,261.0,26691.78205145931,2020-11-01
4097,2020,11,molecule16,brand37,SKU96,156235.0,584662.1715394836,2020-11-01
4090,2020,11,molecule16,brand35,SKU89,393.0,6459.522345998754,2020-11-01
4095,2020,11,molecule16,brand41,SKU102,6937.0,19258.25711206476,2020-11-01
4094,2020,11,molecule16,brand40,SKU101,8539.0,21149.798318574492,2020-11-01
4093,2020,11,molecule16,brand36,SKU94,312372.0,864529.1656931675,2020-11-01
4092,2020,11,molecule16,brand36,SKU93,153096.0,234352.99002573508,2020-11-01
4091,2020,11,molecule16,brand36,SKU91,173008.0,634026.2501225234,2020-11-01
4089,2020,11,molecule16,brand34,SKU87,3.0,12.82014883781927,2020-11-01
4088,2020,11,molecule16,brand33,SKU86,20420.0,213121.5743627741,2020-11-01
4087,2020,11,molecule16,brand33,SKU85,7047.0,56698.99682182654,2020-11-01
4086,2020,11,molecule16,brand33,SKU84,11055.0,110440.87833016543,2020-11-01
4085,2020,11,molecule16,brand33,SKU83,5539.0,31780.544196697923,2020-11-01
4084,2020,11,molecule16,brand33,SKU82,19355.0,382290.18159716215,2020-11-01
4083,2020,11,molecule16,brand33,SKU81,5319.0,57320.241393780765,2020-11-01
4096,2020,11,molecule16,brand42,SKU103,795.0,3236.7312409755814,2020-11-01
4082,2020,11,molecule15,brand32,SKU80,104.0,29161.957212355675,2020-11-01
4138,2020,11,molecule27,brand70,SKU156,7336.0,26763.34144300478,2020-11-01
4112,2020,11,molecule22,brand54,SKU127,7464.0,11843.141714823872,2020-11-01
4139,2020,11,molecule28,brand71,SKU157,6393.0,167690.82900877084,2020-11-01
4081,2020,11,molecule14,brand31,SKU79,19.0,2007.5748942726943,2020-11-01
4137,2020,11,molecule27,brand70,SKU155,4653.0,12676.246054543979,2020-11-01
4136,2020,11,molecule27,brand70,SKU154,1854.0,10097.022825651466,2020-11-01
4135,2020,11,molecule27,brand70,SKU153,1599.0,6613.740042574962,2020-11-01
4134,2020,11,molecule27,brand69,SKU152,9795.0,25248.39249631002,2020-11-01
4133,2020,11,molecule27,brand69,SKU151,1351.0,5535.043175547357,2020-11-01
4132,2020,11,molecule27,brand68,SKU150,26748.0,94156.19466979247,2020-11-01
4131,2020,11,molecule27,brand68,SKU149,5806.0,32402.203063164765,2020-11-01
4130,2020,11,molecule26,brand67,SKU148,217.0,18673.975427933685,2020-11-01
4129,2020,11,molecule25,brand65,SKU147,19029.0,35099.45514518932,2020-11-01
4128,2020,11,molecule25,brand65,SKU145,14919.0,16502.821578105973,2020-11-01
4127,2020,11,molecule25,brand64,SKU144,27081.0,10626.71381654823,2020-11-01
4126,2020,11,molecule24,brand61,SKU141,3054.0,46300.90647428727,2020-11-01
4125,2020,11,molecule24,brand62,SKU142,3984.0,53679.095983422434,2020-11-01
4124,2020,11,molecule24,brand60,SKU140,28212.0,530181.3156270076,2020-11-01
4123,2020,11,molecule22,brand58,SKU137,16151.0,72854.18390945546,2020-11-01
4122,2020,11,molecule22,brand58,SKU136,6710.0,45004.48653144083,2020-11-01
4121,2020,11,molecule22,brand57,SKU135,18262.0,68474.65236024113,2020-11-01
4120,2020,11,molecule22,brand57,SKU134,7310.0,39938.31991755588,2020-11-01
4119,2020,11,molecule22,brand56,SKU133,104826.0,184407.4623891429,2020-11-01
4118,2020,11,molecule22,brand56,SKU132,67092.0,64295.56988617708,2020-11-01
4117,2020,11,molecule22,brand56,SKU131,271101.0,272724.46045885916,2020-11-01
4116,2020,11,molecule22,brand56,SKU138,6.0,4.157886109562989,2020-11-01
4115,2020,11,molecule22,brand56,SKU130,4386.0,15696.245851387412,2020-11-01
4114,2020,11,molecule22,brand56,SKU129,22073.0,35117.37465689962,2020-11-01
4113,2020,11,molecule22,brand55,SKU128,531.0,16298.922538999426,2020-11-01
4111,2020,11,molecule22,brand54,SKU126,4461.0,10910.15021946582,2020-11-01
4080,2020,11,molecule14,brand31,SKU78,1282.0,85922.65591844743,2020-11-01
4110,2020,11,molecule22,brand51,SKU121,19955.0,118147.56159351555,2020-11-01
4078,2020,11,molecule11,brand28,SKU73,22607.0,310939.14640559617,2020-11-01
4046,2020,11,molecule5,brand13,SKU41,9.0,32.70337343867817,2020-11-01
4045,2020,11,molecule5,brand13,SKU39,106996.0,228245.0804135294,2020-11-01
4044,2020,11,molecule5,brand13,SKU38,30037.0,118501.55777086684,2020-11-01
4043,2020,11,molecule5,brand13,SKU37,54444.0,109323.84986481773,2020-11-01
4042,2020,11,molecule5,brand13,SKU43,3314.0,18351.158586312584,2020-11-01
4041,2020,11,molecule5,brand13,SKU40,751.0,3372.2900480191443,2020-11-01
4040,2020,11,molecule5,brand13,SKU36,18567.0,52150.589157062175,2020-11-01
4039,2020,11,molecule5,brand7,SKU18,84559.0,312753.1931518977,2020-11-01
4038,2020,11,molecule5,brand7,SKU34,1461.0,5165.061970213403,2020-11-01
4037,2020,11,molecule5,brand7,SKU17,203867.0,403802.0568385813,2020-11-01
4036,2020,11,molecule5,brand7,SKU16,55873.0,183380.03827394624,2020-11-01
4079,2020,11,molecule13,brand30,SKU76,5975.0,118580.46913289107,2020-11-01
4034,2020,11,molecule5,brand7,SKU31,11995.0,58352.95335170172,2020-11-01
4033,2020,11,molecule5,brand7,SKU35,4156.0,18524.408423948644,2020-11-01
4032,2020,11,molecule5,brand7,SKU14,54258.0,138513.36124563887,2020-11-01
4031,2020,11,molecule5,brand6,SKU13,3082.0,11240.20286850011,2020-11-01
4030,2020,11,molecule5,brand6,SKU12,11137.0,24762.270250094913,2020-11-01
4029,2020,11,molecule5,brand6,SKU11,1992.0,8156.364388009203,2020-11-01
4028,2020,11,molecule5,brand6,SKU10,4574.0,9536.493258904786,2020-11-01
4027,2020,11,molecule5,brand6,SKU9,1612.0,7556.281233194781,2020-11-01
4026,2020,11,molecule5,brand6,SKU8,2300.0,6629.48321037669,2020-11-01
4025,2020,11,molecule4,brand4,SKU6,1379.0,6939.762966143142,2020-11-01
4024,2020,11,molecule3,brand3,SKU5,18922.0,64754.872516481926,2020-11-01
4023,2020,11,molecule3,brand3,SKU4,18026.0,79444.12660661222,2020-11-01
4022,2020,11,molecule2,brand2,SKU3,18956.0,6769.057839276853,2020-11-01
4021,2020,11,molecule2,brand2,SKU2,6396.0,3272.48509280578,2020-11-01
4020,2020,11,molecule1,brand1,SKU1,745.0,5062.504115594358,2020-11-01
4047,2020,11,molecule5,brand13,SKU42,28720.0,124057.59320121827,2020-11-01
4048,2020,11,molecule5,brand8,SKU19,1772.0,12334.24999261787,2020-11-01
4035,2020,11,molecule5,brand7,SKU15,158999.0,260703.35152625226,2020-11-01
4050,2020,11,molecule5,brand9,SKU22,25.0,43.00591335278492,2020-11-01
4049,2020,11,molecule5,brand8,SKU20,8416.0,37878.690828970975,2020-11-01
4077,2020,11,molecule9,brand25,SKU70,147865.0,2446279.3067644197,2020-11-01
4076,2020,11,molecule9,brand25,SKU66,72.0,587.0267699969638,2020-11-01
4075,2020,11,molecule9,brand25,SKU65,17722.0,56000.625628629314,2020-11-01
4074,2020,11,molecule9,brand24,SKU68,27819.0,453735.7163680267,2020-11-01
4073,2020,11,molecule9,brand24,SKU69,5567.0,47267.45944731486,2020-11-01
4072,2020,11,molecule9,brand24,SKU64,21096.0,83421.49740007998,2020-11-01
4071,2020,11,molecule9,brand23,SKU63,12689.0,45790.99449231259,2020-11-01
4069,2020,11,molecule9,brand21,SKU61,7348.0,230553.48008301546,2020-11-01
4068,2020,11,molecule8,brand19,SKU58,54692.0,66926.12016147355,2020-11-01
4067,2020,11,molecule7,brand18,SKU57,2212.0,225592.5927304466,2020-11-01
4066,2020,11,molecule7,brand18,SKU56,936.0,92083.224688869,2020-11-01
4065,2020,11,molecule6,brand16,SKU52,2658.0,12152.2272935368,2020-11-01
4070,2020,11,molecule9,brand22,SKU62,39326.0,801121.3856463043,2020-11-01
4063,2020,11,molecule6,brand16,SKU50,2036.0,12430.372681011311,2020-11-01
4064,2020,11,molecule6,brand16,SKU51,1040.0,7251.917250871168,2020-11-01
4052,2020,11,molecule5,brand10,SKU24,15067.0,186342.45794131854,2020-11-01
4053,2020,11,molecule5,brand10,SKU25,14998.0,286485.4466937886,2020-11-01
4054,2020,11,molecule5,brand10,SKU26,52040.0,436123.77129631484,2020-11-01
4055,2020,11,molecule5,brand10,SKU27,59561.0,766206.9065384232,2020-11-01
4056,2020,11,molecule5,brand11,SKU28,71085.0,417681.67583088856,2020-11-01
4051,2020,11,molecule5,brand9,SKU23,25.0,27.40273497688749,2020-11-01
4058,2020,11,molecule6,brand14,SKU45,9202.0,25457.478380328674,2020-11-01
4059,2020,11,molecule6,brand14,SKU46,70906.0,144202.68146828827,2020-11-01
4060,2020,11,molecule6,brand15,SKU47,70862.0,319959.06560299156,2020-11-01
4061,2020,11,molecule6,brand15,SKU48,16258.0,99576.49985286019,2020-11-01
4062,2020,11,molecule6,brand15,SKU49,132098.0,472720.8277797056,2020-11-01
4057,2020,11,molecule6,brand14,SKU44,38774.0,87828.78282548224,2020-11-01
4217,2020,12,molecule16,brand37,SKU97,106582.0,216162.49531030352,2020-12-01
4218,2020,12,molecule16,brand37,SKU98,326170.0,1004474.5618158451,2020-12-01
4219,2020,12,molecule16,brand39,SKU100,28168.0,147680.63084142786,2020-12-01
4220,2020,12,molecule18,brand44,SKU108,38.0,371.81427714007026,2020-12-01
4221,2020,12,molecule18,brand45,SKU109,123659.0,1136130.0720875699,2020-12-01
4224,2020,12,molecule20,brand49,SKU115,201.0,19963.127379847116,2020-12-01
4223,2020,12,molecule18,brand46,SKU111,2507.0,21001.09572140219,2020-12-01
4225,2020,12,molecule20,brand49,SKU116,138.0,13654.422345379166,2020-12-01
4226,2020,12,molecule21,brand50,SKU118,358.0,32401.175052192695,2020-12-01
4227,2020,12,molecule21,brand50,SKU117,484.0,43721.30594790248,2020-12-01
4216,2020,12,molecule16,brand37,SKU96,174120.0,640294.0700699736,2020-12-01
4222,2020,12,molecule18,brand46,SKU110,10198.0,81943.62222903325,2020-12-01
4215,2020,12,molecule16,brand42,SKU103,509.0,2023.9273228084876,2020-12-01
4201,2020,12,molecule14,brand31,SKU79,9.0,932.6718433490871,2020-12-01
4213,2020,12,molecule16,brand40,SKU101,13374.0,32612.763491626138,2020-12-01
4212,2020,12,molecule16,brand36,SKU94,363784.0,986338.8125147085,2020-12-01
4211,2020,12,molecule16,brand36,SKU93,176228.0,264396.14099172165,2020-12-01
4210,2020,12,molecule16,brand36,SKU91,205077.0,736749.6068337043,2020-12-01
4209,2020,12,molecule16,brand35,SKU89,305.0,4914.070398173957,2020-12-01
4208,2020,12,molecule16,brand33,SKU86,12777.0,129160.7376164924,2020-12-01
4207,2020,12,molecule16,brand33,SKU85,4241.0,32463.618018308363,2020-12-01
4206,2020,12,molecule16,brand33,SKU84,13411.0,129619.07393419858,2020-12-01
4205,2020,12,molecule16,brand33,SKU83,4128.0,22938.342382800878,2020-12-01
4204,2020,12,molecule16,brand33,SKU82,13820.0,263729.7278879298,2020-12-01
4203,2020,12,molecule16,brand33,SKU81,5818.0,60621.721154473205,2020-12-01
4202,2020,12,molecule15,brand32,SKU80,60.0,16728.63285831056,2020-12-01
4214,2020,12,molecule16,brand41,SKU102,9626.0,26254.387295376317,2020-12-01
4228,2020,12,molecule22,brand51,SKU119,10286.0,82964.68419017972,2020-12-01
4257,2020,12,molecule27,brand70,SKU155,6833.0,18259.29477273707,2020-12-01
4230,2020,12,molecule22,brand51,SKU121,28246.0,171700.54998721177,2020-12-01
4200,2020,12,molecule14,brand31,SKU78,685.0,44972.286636997116,2020-12-01
4256,2020,12,molecule27,brand70,SKU154,1797.0,9595.546201266678,2020-12-01
4255,2020,12,molecule27,brand70,SKU153,1326.0,5375.587674525029,2020-12-01
4254,2020,12,molecule27,brand69,SKU152,9484.0,23836.626013916855,2020-12-01
4253,2020,12,molecule27,brand69,SKU151,1502.0,5946.299830394665,2020-12-01
4252,2020,12,molecule27,brand68,SKU150,48384.0,185396.23230863424,2020-12-01
4251,2020,12,molecule27,brand68,SKU149,9717.0,58290.4397516729,2020-12-01
4250,2020,12,molecule26,brand67,SKU148,217.0,19087.997579648156,2020-12-01
4249,2020,12,molecule25,brand65,SKU147,20521.0,37599.43517856401,2020-12-01
4248,2020,12,molecule25,brand65,SKU145,33279.0,39895.02488846255,2020-12-01
4247,2020,12,molecule25,brand64,SKU144,38390.0,17394.239997019416,2020-12-01
4246,2020,12,molecule24,brand61,SKU141,3453.0,51608.590324973404,2020-12-01
4245,2020,12,molecule24,brand62,SKU142,4637.0,61080.128680911,2020-12-01
4244,2020,12,molecule24,brand60,SKU140,35236.0,664899.4876015285,2020-12-01
4243,2020,12,molecule22,brand58,SKU137,17034.0,76108.92789092536,2020-12-01
4242,2020,12,molecule22,brand58,SKU136,5353.0,35136.956482782225,2020-12-01
4241,2020,12,molecule22,brand57,SKU135,19761.0,72511.67755791693,2020-12-01
4240,2020,12,molecule22,brand57,SKU134,8030.0,42942.362219808965,2020-12-01
4239,2020,12,molecule22,brand56,SKU133,121696.0,209705.98326243594,2020-12-01
4238,2020,12,molecule22,brand56,SKU132,83004.0,78161.67683056906,2020-12-01
4237,2020,12,molecule22,brand56,SKU131,306965.0,303439.57071236114,2020-12-01
4236,2020,12,molecule22,brand56,SKU138,28.0,24.723235051391693,2020-12-01
4235,2020,12,molecule22,brand56,SKU130,5105.0,17929.65727938503,2020-12-01
4234,2020,12,molecule22,brand56,SKU129,24426.0,38143.93590766152,2020-12-01
4233,2020,12,molecule22,brand55,SKU128,1015.0,30725.387836573165,2020-12-01
4232,2020,12,molecule22,brand54,SKU127,5356.0,8541.550271714306,2020-12-01
4231,2020,12,molecule22,brand54,SKU126,5074.0,12670.052756349734,2020-12-01
4229,2020,12,molecule22,brand51,SKU120,41469.0,187823.62501135637,2020-12-01
4199,2020,12,molecule13,brand30,SKU76,5526.0,107162.78988084452,2020-12-01
4169,2020,12,molecule5,brand8,SKU20,7951.0,35959.59528199319,2020-12-01
4197,2020,12,molecule9,brand25,SKU70,182508.0,2959942.86184422,2020-12-01
4164,2020,12,molecule5,brand13,SKU38,35978.0,139581.34083151663,2020-12-01
4163,2020,12,molecule5,brand13,SKU37,67255.0,133334.80729960478,2020-12-01
4162,2020,12,molecule5,brand13,SKU43,5749.0,31745.747568603816,2020-12-01
4161,2020,12,molecule5,brand13,SKU40,496.0,2171.7368980361643,2020-12-01
4160,2020,12,molecule5,brand13,SKU36,23540.0,64958.43183477251,2020-12-01
4159,2020,12,molecule5,brand7,SKU18,73849.0,267409.5411098959,2020-12-01
4158,2020,12,molecule5,brand7,SKU34,3274.0,11408.494883520138,2020-12-01
4157,2020,12,molecule5,brand7,SKU17,232446.0,451007.07559011923,2020-12-01
4156,2020,12,molecule5,brand7,SKU16,67186.0,215889.07776524645,2020-12-01
4155,2020,12,molecule5,brand7,SKU15,158547.0,254545.2819728973,2020-12-01
4154,2020,12,molecule5,brand7,SKU31,12783.0,61092.42038207851,2020-12-01
4153,2020,12,molecule5,brand7,SKU35,3635.0,15853.432524617898,2020-12-01
4165,2020,12,molecule5,brand13,SKU39,118055.0,247989.88927380985,2020-12-01
4152,2020,12,molecule5,brand7,SKU14,62659.0,157528.3569211335,2020-12-01
4150,2020,12,molecule5,brand6,SKU12,10936.0,23859.900626459264,2020-12-01
4149,2020,12,molecule5,brand6,SKU11,1841.0,7419.832692297354,2020-12-01
4148,2020,12,molecule5,brand6,SKU10,4662.0,9528.78063739989,2020-12-01
4147,2020,12,molecule5,brand6,SKU9,1442.0,6549.861728591203,2020-12-01
4146,2020,12,molecule5,brand6,SKU8,2212.0,6272.683024113521,2020-12-01
4145,2020,12,molecule4,brand4,SKU6,1524.0,7514.1941437889245,2020-12-01
4144,2020,12,molecule3,brand3,SKU5,21093.0,71369.30628235968,2020-12-01
4143,2020,12,molecule3,brand3,SKU4,17841.0,77233.46844120647,2020-12-01
4142,2020,12,molecule2,brand2,SKU3,21853.0,7679.071513248889,2020-12-01
4141,2020,12,molecule2,brand2,SKU2,7807.0,3962.764814642656,2020-12-01
4140,2020,12,molecule1,brand1,SKU1,1049.0,6986.578884865551,2020-12-01
4258,2020,12,molecule27,brand70,SKU156,10977.0,39294.32685237141,2020-12-01
4151,2020,12,molecule5,brand6,SKU13,2868.0,10246.933217510992,2020-12-01
4166,2020,12,molecule5,brand13,SKU41,3.0,7.110253689591975,2020-12-01
4167,2020,12,molecule5,brand13,SKU42,44403.0,188605.0228978066,2020-12-01
4168,2020,12,molecule5,brand8,SKU19,2922.0,19649.60865006935,2020-12-01
4196,2020,12,molecule9,brand25,SKU66,132.0,1108.3157730343955,2020-12-01
4195,2020,12,molecule9,brand25,SKU65,23562.0,73081.1477185686,2020-12-01
4194,2020,12,molecule9,brand24,SKU68,27998.0,447206.60091401276,2020-12-01
4193,2020,12,molecule9,brand24,SKU69,6048.0,50561.48698966126,2020-12-01
4192,2020,12,molecule9,brand24,SKU64,18177.0,70494.11837201059,2020-12-01
4191,2020,12,molecule9,brand23,SKU63,27307.0,97037.00736094339,2020-12-01
4190,2020,12,molecule9,brand22,SKU62,50451.0,1008908.9040708249,2020-12-01
4189,2020,12,molecule9,brand21,SKU61,8266.0,255196.17646499915,2020-12-01
4188,2020,12,molecule8,brand19,SKU58,56269.0,67506.56384073028,2020-12-01
4187,2020,12,molecule7,brand18,SKU57,2366.0,242439.95743696397,2020-12-01
4186,2020,12,molecule7,brand18,SKU56,924.0,89598.39301446447,2020-12-01
4185,2020,12,molecule6,brand16,SKU52,836.0,3783.9271406064095,2020-12-01
4184,2020,12,molecule6,brand16,SKU51,364.0,2690.229264166025,2020-12-01
4183,2020,12,molecule6,brand16,SKU50,977.0,5827.719686332601,2020-12-01
4182,2020,12,molecule6,brand15,SKU49,139901.0,490937.15745510906,2020-12-01
4181,2020,12,molecule6,brand15,SKU48,17433.0,105652.66653262945,2020-12-01
4180,2020,12,molecule6,brand15,SKU47,77613.0,343441.4205356862,2020-12-01
4179,2020,12,molecule6,brand14,SKU46,79919.0,160080.24908072737,2020-12-01
4178,2020,12,molecule6,brand14,SKU45,11363.0,30780.20255389532,2020-12-01
4177,2020,12,molecule6,brand14,SKU44,48560.0,108111.48505453547,2020-12-01
4176,2020,12,molecule5,brand11,SKU28,100685.0,611388.9620398291,2020-12-01
4175,2020,12,molecule5,brand10,SKU27,79190.0,1094726.6712698333,2020-12-01
4174,2020,12,molecule5,brand10,SKU26,62983.0,640810.3713769981,2020-12-01
4173,2020,12,molecule5,brand10,SKU25,23430.0,440638.43055013724,2020-12-01
4172,2020,12,molecule5,brand10,SKU24,22770.0,274284.6901452616,2020-12-01
4171,2020,12,molecule5,brand9,SKU23,66.0,66.49182617003588,2020-12-01
4170,2020,12,molecule5,brand9,SKU22,28.0,40.229474579238264,2020-12-01
4198,2020,12,molecule11,brand28,SKU73,24960.0,335168.93496264174,2020-12-01
4259,2020,12,molecule28,brand71,SKU157,6286.0,162002.87573791278,2020-12-01
